nodes,edges,density,reciprocity,weak_components,strong_components,largest_weak,largest_strong,isolates,transitivity,average_clustering,directed_average_clustering,flow_hierarchy,reachable_pair_share,global_reaching_centralization,outdegree_centralization,indegree_centralization,bridges,articulation_points,global_efficiency,relation_id,label,occurrences,category_self_occurrences
52,56,0.021116138763197588,0.21428571428571427,25,41,28,12,24,0.21221864951768488,0.21347117794486214,0.12162480376766091,0.5178571428571428,0.14630467571644043,0.2506728181468666,0.23836985774702038,0.21837754709727028,7,4,0.14555052790346876,R01,GenealogicalDynasticAndHistoricalLegitimation,163,16
52,116,0.043740573152337855,0.22413793103448276,15,33,38,20,14,0.3198420533070089,0.38297279517867755,0.2507017091202293,0.3448275862068966,0.3088235294117647,0.24490580545943874,0.23529411764705882,0.3552479815455594,6,3,0.28104575163398793,R02,PropheticCosmicAndOmenLegitimation,354,13
52,28,0.010558069381598794,0.21428571428571427,36,49,17,4,35,0.23076923076923078,0.0655011655011655,0.05471342383107089,0.75,0.030165912518853696,0.2291426374471357,0.18915801614763553,0.08919646289888504,9,4,0.05561840120663651,R03,CoronationConsecrationAndSovereignActivation,116,0
52,49,0.01847662141779789,0.2857142857142857,23,45,30,7,22,0.0962566844919786,0.18760683760683758,0.11653439153439155,0.6938775510204082,0.11199095022624435,0.36562860438292966,0.38100730488273743,0.20107650903498656,15,2,0.16767219708396175,R04,KammaticCharismaticVirtueAndMoralKingship,183,3
52,98,0.03695324283559578,0.14285714285714285,19,43,34,10,18,0.29537366548042704,0.27395553164783937,0.16714120463167703,0.7346938775510203,0.13273001508295626,0.4244521337946944,0.46212995001922336,0.2422145328719723,8,4,0.2315233785822022,R05,ReligiousPatronageMeritAndEndowment,1192,3
52,12,0.004524886877828055,0.16666666666666666,43,51,9,2,41,0.2222222222222222,0.04487179487179487,0.04313186813186813,0.8333333333333334,0.00641025641025641,0.15340253748558247,0.11534025374855825,0.03537101114955786,6,2,0.01734539969834088,R06,EcclesiasticalAppointmentAndReligiousStatusProduction,184,1
52,22,0.008295625942684766,0.2727272727272727,38,49,15,4,37,0.22388059701492538,0.05187728937728938,0.04052481316413205,0.6818181818181819,0.021116138763197588,0.21837754709727028,0.1514801999231065,0.1114955786236063,8,4,0.041666666666666616,R07,ReligiousRegulationOrthodoxyAndMonasticDiscipline,74,5
52,57,0.021493212669683258,0.07017543859649122,22,50,31,3,21,0.2017353579175705,0.2504550633313175,0.14390674454233776,0.9122807017543859,0.07352941176470588,0.3248750480584391,0.31795463283352554,0.2579777008842753,10,5,0.18118401206636442,R08,SacredObjectAcquisitionEnshrinementAndCentralization,399,17
52,256,0.09653092006033183,0.28125,6,24,47,29,5,0.43326607091380803,0.5859285544867118,0.459499616636777,0.2265625,0.524132730015083,0.3252595155709343,0.661284121491734,0.4413687043444829,4,4,0.4774384112619394,R09,RitualPerformanceProcessionCourtSpectacleAndCenterEnactment,1658,41
52,26,0.00980392156862745,0.0,31,52,22,1,30,0.07758620689655173,0.08589039165962244,0.04294519582981122,1.0,0.011689291101055807,0.2879661668589004,0.2698961937716263,0.049980776624375244,11,5,0.08256661639014594,R10,NamingCommemorationAndSymbolicReinscription,218,0
52,142,0.053544494720965306,0.23943661971830985,14,37,39,16,13,0.33505487411233054,0.47290358523471093,0.3687215944001964,0.5633802816901409,0.24698340874811464,0.4878892733564013,0.6051518646674356,0.20530565167243367,4,3,0.3141654097536466,R11,AppointmentDelegationAndInvestiture,1775,45
52,82,0.03092006033182504,0.2682926829268293,20,38,33,15,19,0.17345597897503284,0.313945728600901,0.20247524654221663,0.524390243902439,0.18438914027149322,0.43175701653210297,0.5482506728181469,0.3883121876201461,6,2,0.22033685268979375,R12,TitleRankRegaliaAndStatusConferral,2391,6
52,106,0.03996983408748114,0.09433962264150944,15,47,38,6,14,0.21691176470588236,0.20460955899304314,0.13093683160287112,0.8962264150943396,0.10180995475113122,0.5559400230680508,0.279123414071511,0.19915417147251058,5,5,0.269645550527904,R13,OfficeholdingGovernanceAndJurisdictionalExercise,717,4
52,41,0.01546003016591252,0.1951219512195122,31,44,22,9,30,0.1702127659574468,0.15493139901034636,0.09032180547326542,0.5365853658536586,0.07654600301659126,0.3417916186082276,0.38408304498269896,0.14417531718569782,9,2,0.09891905480140782,R14,AppanageAndRevenueRightAllocation,564,6
52,111,0.0418552036199095,0.25225225225225223,11,37,42,16,10,0.2054794520547945,0.27348100617331383,0.16754970937649177,0.5855855855855856,0.26244343891402716,0.5520953479430989,0.6570549788542868,0.1972318339100346,16,4,0.34470839617898696,R15,RewardPatronageGiftAndRoyalLargesse,665,1
52,80,0.030165912518853696,0.375,20,37,31,16,17,0.25170068027210885,0.2355810855810856,0.18519847907144313,0.35,0.18929110105580693,0.34678969627066514,0.3291041906958862,0.2491349480968858,8,3,0.17998994469582577,R16,ServiceIncorporationClientageAndDurableAttachment,178,11
52,54,0.020361990950226245,0.14814814814814814,26,48,27,4,25,0.25650557620817843,0.12680919507842583,0.08029782883676392,0.7962962962962963,0.06259426847662142,0.3760092272202999,0.15916955017301038,0.11918492887351019,8,5,0.1274635495223728,R17,OrganizationalMembershipCompositionAndUnitFormation,375,35
52,32,0.012066365007541479,0.5625,37,45,16,8,36,0.2727272727272727,0.12232905982905982,0.11230673876022713,0.28125,0.04487179487179487,0.25413302575932334,0.16762783544790466,0.08765859284890427,7,4,0.048893916540975337,R18,DynasticFamilialAffinalKinshipMarriageAndReproduction,438,113
52,18,0.006787330316742082,0.1111111111111111,38,51,15,2,37,0.1125,0.06433566433566433,0.06256243756243757,0.8888888888888888,0.017722473604826545,0.22183775470972705,0.21299500192233756,0.0530565167243368,10,3,0.04342634489693311,R19,SuccessionInheritanceAndClaimTransmission,221,113
52,31,0.011689291101055807,0.3225806451612903,33,43,20,10,32,0.15671641791044777,0.08774302620456466,0.047194374825953775,0.32258064516129037,0.07956259426847662,0.25874663590926567,0.24798154555940022,0.12802768166089964,11,5,0.07258672699849185,R20,AudienceCourtAccessResidenceProximityAndSpatialInclusion,95,0
52,29,0.010935143288084464,0.13793103448275862,31,50,22,3,30,0.07563025210084033,0.03589039165962243,0.021693466608720846,0.8620689655172413,0.032428355957767725,0.30680507497116494,0.24875048058439062,0.048827374086889655,12,6,0.08259175465057844,R21,RemovalDemotionConfinementAndEliteExclusion,127,3
52,16,0.006033182503770739,0.0,39,52,14,1,38,0.1836734693877551,0.04899267399267399,0.024496336996336996,1.0,0.008672699849170438,0.1510957324106113,0.13379469434832755,0.09381007304882738,9,4,0.03525641025641021,R22,SovereignCapitalFormationPalaceBuildingAndSpatialCentralization,144,0
52,237,0.08936651583710407,0.20253164556962025,3,35,50,18,2,0.36199605300253734,0.5957582947486088,0.4343906500913973,0.5780590717299579,0.3457767722473605,0.6270665128796616,0.8485198000768935,0.14878892733564014,7,2,0.5348164906988417,R23,CommandPolicyDirectiveMandateAndImmediateProhibition,1438,31
52,184,0.0693815987933635,0.17391304347826086,8,32,45,21,7,0.32722513089005234,0.4885018678402365,0.34296400797760673,0.5163043478260869,0.3503016591251885,0.5224913494809689,0.5890042291426374,0.12918108419838523,5,5,0.4147435897435902,R24,AdministrativeExecutionSupervisionInspectionAndImplementation,618,15
52,109,0.04110105580693816,0.1834862385321101,14,39,39,14,13,0.27897574123989216,0.20111640496255878,0.12501345364107405,0.5412844036697247,0.24434389140271492,0.3706266820453671,0.198000768935025,0.2579777008842753,9,8,0.2736299648064374,R25,PetitionAppealRequestAndNegotiatedAccess,218,5
52,155,0.058446455505279035,0.24516129032258063,13,31,40,22,12,0.375,0.3751425873946117,0.23131266072516954,0.38064516129032255,0.3404977375565611,0.39254133025759314,0.26028450595924646,0.30026912725874666,7,5,0.31994720965309503,R26,ReportingIntelligenceSurveillanceAndWarning,332,11
52,55,0.020739064856711915,0.03636363636363636,17,51,36,2,16,0.12612612612612611,0.11224626617726165,0.05677687416047739,0.9636363636363636,0.06372549019607843,0.43483275663206455,0.29873125720876587,0.1587850826605152,18,7,0.2116515837104071,R27,RecordMakingRegistrationCensusSurveyAndClassification,108,3
52,21,0.007918552036199095,0.09523809523809523,36,49,17,4,35,0.06382978723404255,0.008974358974358974,0.00608974358974359,0.7619047619047619,0.01847662141779789,0.22106881968473663,0.1118800461361015,0.05190311418685121,6,4,0.047549019607843065,R28,AdjudicationJurisdictionAndDisputeSettlement,32,2
52,45,0.016968325791855202,0.08888888888888889,32,49,21,3,31,0.3277310924369748,0.17308866347327886,0.10139790764790765,0.8666666666666667,0.03619909502262444,0.32295271049596314,0.24259900038446752,0.12264513648596694,5,5,0.08500502765208659,R29,InvestigationAccountabilityAndCollectiveLiability,88,4
52,96,0.03619909502262444,0.4166666666666667,17,35,36,18,16,0.19167904903417535,0.24452865142520314,0.22347682515230016,0.34375,0.26659125188536953,0.30795847750865046,0.3829296424452134,0.4229142637447136,9,3,0.2484917043740575,R30,OathHomageSubmissionAndAllegiance,317,7
52,72,0.027149321266968326,0.25,16,35,37,18,15,0.1168032786885246,0.15180332488024795,0.08998601584250292,0.3194444444444444,0.25075414781297134,0.4240676662821991,0.49211841599384853,0.1122645136485967,15,4,0.2444067370537969,R31,ProtectionClemencySanctuaryAndWelfare,257,12
52,26,0.00980392156862745,0.0,30,52,23,1,29,0.024,0.038644688644688646,0.019322344322344323,1.0,0.00980392156862745,0.2898885044213764,0.28988850442137637,0.049980776624375244,15,5,0.08807189542483676,R32,MoralPolicingPublicOrderAndEverydaySocialRegulation,77,1
52,25,0.00942684766214178,0.24,37,49,16,4,36,0.08333333333333333,0.02403846153846154,0.013007185122569738,0.76,0.03506787330316742,0.18415993848519802,0.11034217608612072,0.09034986543637062,6,4,0.0473227752639517,R33,TaxationRevenueCollectionAndFiscalAssessment,33,0
52,110,0.04147812971342383,0.18181818181818182,18,36,35,17,17,0.29354838709677417,0.20498824537286076,0.1430887605956463,0.38181818181818183,0.24698340874811464,0.22798923490965012,0.1776239907727797,0.45751633986928103,9,3,0.2463549522373054,R34,TributeObligatoryPresentationAndUpwardResourceFlow,478,2
52,27,0.010180995475113122,0.2222222222222222,35,49,18,3,34,0.12,0.05782967032967033,0.031066849816849818,0.7777777777777778,0.03167420814479638,0.24759707804690506,0.12956555171088044,0.06958861976163014,7,6,0.05696329813976873,R35,TradeCustomsDebtContractAndCommercialRegulation,34,0
52,92,0.03469079939668175,0.13043478260869565,21,39,32,13,20,0.3392857142857143,0.18742924304665196,0.10931648199906627,0.5543478260869565,0.1715686274509804,0.3648596693579393,0.3244905805459439,0.144559784698193,6,6,0.1994720965309196,R36,LaborCorveeRecruitmentAndServiceMobilization,291,2
52,42,0.01583710407239819,0.09523809523809523,28,48,23,5,26,0.1276595744680851,0.035607448107448106,0.01796883671883672,0.8095238095238095,0.03733031674208145,0.20184544405997695,0.1437908496732026,0.12379853902345252,7,6,0.09302413273001524,R37,RequisitionProvisioningAndLogisticalSupply,95,3
52,85,0.03205128205128205,0.11764705882352941,15,34,38,19,14,0.21483375959079284,0.3207616617099376,0.18769736627594658,0.3294117647058824,0.27262443438914025,0.46174548250672814,0.5271049596309112,0.16724336793540945,11,6,0.27205882352941263,R38,RedistributionCompensationAndMaterialSupport,223,0
52,69,0.026018099547511313,0.08695652173913043,24,47,29,6,23,0.34459459459459457,0.18128228608997837,0.11105667274695616,0.8115942028985508,0.06561085972850679,0.3729334871203383,0.21337946943483277,0.23337178008458284,8,7,0.1569255907491197,R39,ConfiscationBootySeizureAndOvertAppropriation,219,7
52,105,0.03959276018099547,0.01904761904761905,17,42,36,11,16,0.28289473684210525,0.17434985729520142,0.08852147164840662,0.7238095238095238,0.19117647058823528,0.3448673587081892,0.29950019223375624,0.23952326028450596,8,6,0.25106837606837723,R40,InfrastructureConstructionRepairAndResourceDevelopment,523,4
52,42,0.01583710407239819,0.047619047619047616,25,51,27,2,23,0.1859504132231405,0.09436274509803923,0.052411879056615894,0.9523809523809523,0.048265460030165915,0.330642060745867,0.2637447135717032,0.1637831603229527,15,6,0.13009049773755607,R41,CaptivityDeportationResettlementAndPopulationTransfer,59,1
52,107,0.04034690799396682,0.07476635514018691,12,37,40,16,10,0.38461538461538464,0.267821094916832,0.16032488812156373,0.5327102803738317,0.248868778280543,0.38600538254517497,0.31872356785851597,0.29873125720876587,14,9,0.2888888888888913,R42,StrategicPlanningThreatAssessmentAndOperationalDecision,311,13
52,65,0.024509803921568627,0.09230769230769231,28,47,25,6,27,0.35294117647058826,0.19547690871220283,0.11980141290018245,0.7846153846153846,0.08446455505279035,0.2737408688965783,0.2549019607843137,0.21491733948481354,6,4,0.12735042735042737,R43,MilitaryOrganizationCommandStructureAndForceComposition,500,21
52,103,0.038838612368024134,0.11650485436893204,24,41,29,12,23,0.4517133956386293,0.2856284347681109,0.15722024424805253,0.6601941747572815,0.13838612368024134,0.3787004998077662,0.3402537485582468,0.26028450595924646,5,4,0.180492709904474,R44,MobilizationDeploymentAndStrategicAssignment,797,24
52,57,0.021493212669683258,0.10526315789473684,30,49,23,4,29,0.3217391304347826,0.13026834276834276,0.08463956829037587,0.8596491228070176,0.04562594268476621,0.2333717800845829,0.198000768935025,0.198000768935025,7,4,0.10447461035696343,R45,MarchTransportAndMilitaryMovement,238,7
52,95,0.03582202111613876,0.14736842105263157,20,41,33,12,19,0.33290816326530615,0.15890775890775893,0.1052455820299874,0.5157894736842106,0.16327300150829563,0.29334871203383317,0.2833525567089581,0.263360246059208,10,6,0.20940170940170916,R46,FortificationGarrisonBlockadeAndSpatialDefense,669,8
52,90,0.033936651583710405,0.3333333333333333,25,39,28,14,24,0.4619124797406807,0.20737382275843813,0.14878093096307254,0.3222222222222222,0.15309200603318251,0.2837370242214533,0.22529796232218377,0.18531334102268357,10,9,0.15346907993966763,R47,CombatAttackAndTacticalAction,564,84
52,25,0.00942684766214178,0.08,37,51,16,2,36,0.1836734693877551,0.04006410256410256,0.02213064713064713,0.92,0.012066365007541479,0.16762783544790466,0.1303344867358708,0.170319108035371,7,4,0.04933383609854195,R48,SiegeEncirclementAndAttritionalWarfare,89,1
52,95,0.03582202111613876,0.3368421052631579,24,36,29,17,23,0.4158415841584158,0.2624793840886958,0.21683453272210812,0.19999999999999996,0.1896681749622926,0.32641291810841977,0.3233371780084583,0.2233756247597078,8,6,0.1706259426847658,R49,VictoryDefeatRetreatCasualtyAndMilitaryOutcome,455,76
52,29,0.010935143288084464,0.13793103448275862,37,47,16,6,36,0.23275862068965517,0.08669108669108669,0.06190126424501425,0.6206896551724138,0.03959276018099547,0.1795463283352557,0.12879661668589004,0.18877354863514034,5,3,0.05115635997988942,R50,ConquestOccupationAndTerritorialTransfer,167,2
52,91,0.03431372549019608,0.17582417582417584,20,38,33,15,19,0.39111111111111113,0.2326112989574528,0.15944742815051366,0.34065934065934067,0.19117647058823528,0.3648596693579393,0.20492118415993849,0.16493656286043828,9,6,0.20310457516339767,R51,CaptureArrestImprisonmentAndCustody,214,6
52,70,0.026395173453996983,0.22857142857142856,27,39,26,14,26,0.3758099352051836,0.21182815722289408,0.11436679293342979,0.3285714285714286,0.1323529411764706,0.36485966935793923,0.33294886582083816,0.11303344867358708,7,6,0.13394922071392634,R52,PunishmentExecutionAndCorporealCoercion,202,9
52,24,0.00904977375565611,0.0,36,52,17,1,35,0.11392405063291139,0.03195970695970696,0.01597985347985348,1.0,0.014328808446455505,0.1453287197231834,0.09073433294886582,0.13071895424836602,8,4,0.05203619909502261,R53,SuppressionPacificationPolicingAndInternalSecurity,46,1
52,43,0.016214177978883863,0.13953488372093023,28,49,25,4,27,0.22966507177033493,0.1263014763014763,0.07841611380072919,0.8372093023255813,0.03808446455505279,0.3210303729334872,0.18339100346020762,0.18339100346020762,11,5,0.10967823026646556,R54,RebellionConspiracyAndRivalSovereignty,94,7
52,71,0.026772247360482653,0.11267605633802817,25,48,28,3,24,0.40131578947368424,0.14454156954156955,0.07509095389389253,0.8873239436619719,0.06711915535444947,0.35140330642060746,0.19261822376009227,0.17262591311034217,8,7,0.1449849170437401,R55,FlightDefectionDesertionRefugeAndPhysicalExit,228,10
52,85,0.03205128205128205,0.5176470588235295,21,38,32,15,20,0.26418786692759294,0.22584287692983346,0.20833438430527346,0.2941176470588235,0.18363499245852188,0.33256439830834295,0.3671664744329104,0.20722798923490965,12,7,0.18750628456510704,R56,DiplomacyEnvoyageAndForeignCommunication,258,9
52,48,0.01809954751131222,0.25,29,44,23,9,27,0.30414746543778803,0.10962595097210483,0.059777839472409604,0.4375,0.07239819004524888,0.3460207612456747,0.18146866589773164,0.10149942329873125,10,5,0.0983534439416794,R57,AllianceTreatyPeaceAndReciprocalCommitment,105,6
52,16,0.006033182503770739,0.125,39,51,14,2,38,0.057692307692307696,0.020833333333333332,0.020492470492470494,0.875,0.023001508295625944,0.15647827758554403,0.13379469434832755,0.11380238369857747,9,2,0.03632478632478628,R58,TributaryIntegrationGraduatedSovereigntyFrontierGovernanceAndPeripheralIncorporation,34,0
52,9,0.003393665158371041,0.2222222222222222,44,51,9,2,43,0.0,0.0,0.0,0.7777777777777778,0.006033182503770739,0.15378700499807765,0.11649365628604383,0.01653210303729335,8,2,0.015334338863750633,R59,ColonialInterventionSovereigntyDisplacementAndImperialAppropriation,11,0
52,182,0.06862745098039216,0.2087912087912088,8,26,45,27,7,0.31769623780771017,0.4293201423139715,0.24721509237851572,0.2582417582417582,0.47285067873303166,0.17762399077277977,0.2499038831218762,0.5297962322183776,6,4,0.41490698843640034,R60,SpatialLocationResidenceAndOrdinaryNonmilitaryMovement,636,22
52,31,0.011689291101055807,0.0,30,52,23,1,29,0.16666666666666666,0.08769489057950595,0.04384744528975298,1.0,0.016591251885369532,0.10303729334871203,0.08804306036139946,0.2679738562091503,13,6,0.09328808446455523,R61,TemporalSequenceDurationAndReign,165,5
52,40,0.015082956259426848,0.05,28,50,25,3,27,0.13725490196078433,0.05563186813186813,0.02931166056166056,0.9,0.02828054298642534,0.2510572856593618,0.144559784698193,0.1245674740484429,11,7,0.10027113409466365,R62,BirthDeathAndLifeCourseTransition,108,9
52,128,0.048265460030165915,0.109375,10,37,43,16,9,0.27927063339731284,0.28009336404845947,0.18056480344184928,0.5625,0.2594268476621418,0.21530180699730872,0.1707035755478662,0.37062668204536714,8,6,0.340233785822024,R63,PossessionControlAndMaterialEndowment,408,27
52,131,0.049396681749622924,0.12213740458015267,10,37,43,16,9,0.2909090909090909,0.34409805170674734,0.20549135106610686,0.6641221374045801,0.27601809954751133,0.3783160322952711,0.3094963475586313,0.38946559015763166,7,6,0.3483534439416824,R64,IdentityStatusAttributionRoleEquivalenceAndOfficeBearing,716,44
52,314,0.11840120663650075,0.29936305732484075,6,11,47,42,5,0.4319943622269204,0.49734239344989184,0.3456094503637645,0.05095541401273884,0.7307692307692307,0.154555940023068,0.3191080353710111,0.499038831218762,3,3,0.4910759175465043,R65,CausationSignificationInterpretationAndConsequence,714,47
52,67,0.02526395173453997,0.08955223880597014,19,47,34,6,18,0.29439252336448596,0.22802932361755893,0.13352465193265467,0.7761194029850746,0.09992458521870287,0.29796232218377544,0.15417147251057287,0.21414840445982314,12,10,0.1964177978883852,R66,KnowledgeProductionTeachingAndTextualTransmission,170,4
52,140,0.05279034690799397,0.3142857142857143,12,32,41,21,11,0.2905829596412556,0.27857988815346674,0.19291935764468107,0.4285714285714286,0.3235294117647059,0.42983467896962707,0.405997693194925,0.26605151864667437,8,6,0.32120412267471393,R67,CooperationSupportConsultationAndCollectiveParticipation,321,37
52,48,0.01809954751131222,0.08333333333333333,23,47,30,6,22,0.15517241379310345,0.13987854251012147,0.08236829582353601,0.7916666666666666,0.09313725490196079,0.4048442906574394,0.30142252979623224,0.10149942329873125,12,7,0.15730266465560533,R68,PrecedentReplicationAndExemplaryModeling,122,27
52,88,0.033182503770739065,0.13636363636363635,20,37,32,15,18,0.3458083832335329,0.2863123804300275,0.1619112620471316,0.5227272727272727,0.20701357466063347,0.2687427912341407,0.28604382929642447,0.24605920799692427,5,3,0.20066616390145792,R69,StatusGradingSumptuaryDisciplineCourtPrecedenceAndEmbodiedHierarchy,227,14
52,5,0.001885369532428356,0.0,47,52,6,1,46,0.0,0.0,0.0,1.0,0.0026395173453996985,0.07727797001153403,0.03806228373702422,0.03806228373702422,5,3,0.0068501759678230275,R70,ReplicaCenterFormationSubordinateCourtAndPrincelyEstablishment,6,1
52,30,0.011312217194570135,0.06666666666666667,30,49,23,4,29,0.1005586592178771,0.14177978883861236,0.08116515837104073,0.8333333333333334,0.03619909502262444,0.34294502114571324,0.30834294502114573,0.06843521722414456,11,3,0.09588989441930625,R71,RoyalPresenceProgressInspectionAndPersonalBondRenewal,170,0
52,29,0.010935143288084464,0.06896551724137931,31,48,22,3,30,0.1595744680851064,0.06277472527472527,0.03184523809523809,0.7586206896551724,0.05467571644042232,0.28412149173394846,0.08881199538638986,0.06881968473663976,12,6,0.077249874308698,R72,FactionFormationPatronageNetworkInfluenceBrokerageAndCoalitionBuilding,51,12
52,3,0.0011312217194570137,0.0,49,52,4,1,48,0.0,0.0,0.0,1.0,0.001885369532428356,0.03806228373702422,0.018838908112264515,0.03883121876201461,3,1,0.003393665158371041,R73,AuthorityFragmentationCounterbalancingOverlappingJurisdictionAndParallelChannels,3,0
52,88,0.033182503770739065,0.11363636363636363,13,35,40,18,12,0.2188006482982172,0.26078408770716466,0.15035061846502523,0.4772727272727273,0.2854449472096531,0.3687043444828912,0.3460207612456747,0.20607458669742407,9,7,0.2811085972850693,R74,NormObligationCustomProhibitionAndInstitutionalProcedureEstablishment,144,3
52,43,0.016214177978883863,0.18604651162790697,25,47,28,6,24,0.15706806282722513,0.10361721611721612,0.06291019232285702,0.6744186046511628,0.05957767722473605,0.3790849673202615,0.2833525567089581,0.10342176086120723,14,6,0.1302036199095018,R75,RightPrivilegeImmunityExemptionAndExclusiveEntitlementGrant,90,1
52,133,0.05015082956259427,0.15037593984962405,14,38,39,15,13,0.37962202136400985,0.2829370995967986,0.18190019470114033,0.5639097744360902,0.24434389140271492,0.3706266820453671,0.24875048058439062,0.2687427912341407,9,6,0.2961287078934156,R76,NormViolationOathBreachRefusalNoncomplianceAndPoliticalRupture,237,7
52,16,0.006033182503770739,0.0,37,50,11,3,33,0.12,0.014102564102564101,0.0070512820512820505,0.8125,0.013951734539969835,0.16570549788542868,0.09381007304882738,0.03383314109957709,13,7,0.02610608345902464,R77,RevenueServiceDiversionConcealmentFalsificationAndAdministrativeLeakage,17,0
52,3,0.0011312217194570137,0.0,49,52,4,1,48,0.0,0.0,0.0,1.0,0.0011312217194570137,0.03883121876201461,0.03883121876201461,0.03883121876201461,3,2,0.00326797385620915,R78,MonopolyConcessionStrategicCommodityAndExportControl,4,0
52,3,0.0011312217194570137,0.0,49,52,3,1,47,0.0,0.0,0.0,1.0,0.0011312217194570137,0.018838908112264515,0.018838908112264515,0.03883121876201461,3,1,0.0026395173453996985,R79,ResourceExitObligationEvasionPrivateAttachmentAndCrownSectorDepletion,3,0
52,51,0.019230769230769232,0.1568627450980392,27,44,26,9,26,0.10975609756097561,0.06510401991171222,0.04440628815628815,0.5882352941176471,0.10558069381598793,0.2522106881968474,0.24029219530949636,0.14033064206074586,11,5,0.12261186525892374,R80,DestructionDemolitionDenialAndMaterialDamage,131,2
52,24,0.00904977375565611,0.0,31,52,21,1,29,0.0,0.0,0.0,1.0,0.012443438914027148,0.3071895424836601,0.2506728181468666,0.030757400999615533,14,5,0.07325289089994973,R81,EthnicSubjectMakingAssimilationCulturalIncorporationAndPopulationReclassification,33,0
