page_key,test_page
vol1:100,True
vol1:101,False
vol1:102,False
vol1:103,False
vol1:104,False
vol1:105,False
vol1:106,False
vol1:107,False
vol1:108,False
vol1:109,False
vol1:110,False
vol1:111,False
vol1:112,False
vol1:113,False
vol1:114,False
vol1:115,False
vol1:116,False
vol1:117,False
vol1:118,False
vol1:119,False
vol1:120,False
vol1:121,False
vol1:122,False
vol1:123,False
vol1:124,False
vol1:125,False
vol1:126,False
vol1:127,False
vol1:128,False
vol1:129,False
vol1:130,False
vol1:131,False
vol1:132,False
vol1:133,False
vol1:134,False
vol1:135,False
vol1:136,False
vol1:137,False
vol1:138,True
vol1:139,False
vol1:140,False
vol1:141,False
vol1:142,False
vol1:143,True
vol1:144,False
vol1:145,True
vol1:146,True
vol1:147,False
vol1:148,False
vol1:149,False
vol1:150,False
vol1:151,False
vol1:152,False
vol1:153,False
vol1:154,False
vol1:155,False
vol1:156,False
vol1:157,False
vol1:158,False
vol1:159,False
vol1:160,True
vol1:161,False
vol1:162,False
vol1:163,False
vol1:164,False
vol1:165,True
vol1:166,False
vol1:167,False
vol1:168,True
vol1:169,False
vol1:170,False
vol1:171,False
vol1:172,True
vol1:173,False
vol1:174,False
vol1:175,False
vol1:176,False
vol1:177,False
vol1:178,False
vol1:179,False
vol1:180,False
vol1:181,False
vol1:182,False
vol1:183,False
vol1:184,False
vol1:185,False
vol1:186,False
vol1:187,False
vol1:188,False
vol1:189,True
vol1:190,True
vol1:191,True
vol1:192,False
vol1:193,False
vol1:194,True
vol1:195,False
vol1:196,False
vol1:197,True
vol1:198,False
vol1:199,False
vol1:200,True
vol1:201,False
vol1:202,False
vol1:203,True
vol1:204,False
vol1:205,False
vol1:206,False
vol1:207,False
vol1:208,True
vol1:209,False
vol1:210,False
vol1:211,False
vol1:212,False
vol1:213,False
vol1:214,True
vol1:215,False
vol1:216,False
vol1:217,False
vol1:218,False
vol1:219,False
vol1:220,False
vol1:221,False
vol1:222,False
vol1:223,True
vol1:224,False
vol1:226,False
vol1:227,False
vol1:228,False
vol1:229,False
vol1:230,False
vol1:231,False
vol1:232,False
vol1:233,False
vol1:234,True
vol1:235,False
vol1:236,False
vol1:237,False
vol1:238,False
vol1:239,False
vol1:240,False
vol1:241,False
vol1:243,False
vol1:244,False
vol1:245,False
vol1:246,False
vol1:247,False
vol1:248,False
vol1:249,False
vol1:250,True
vol1:251,False
vol1:252,False
vol1:257,False
vol1:258,False
vol1:259,False
vol1:260,False
vol1:261,False
vol1:262,False
vol1:263,False
vol1:264,False
vol1:265,False
vol1:266,False
vol1:267,False
vol1:268,False
vol1:269,False
vol1:270,False
vol1:271,True
vol1:272,True
vol1:273,True
vol1:274,False
vol1:275,False
vol1:276,True
vol1:277,False
vol1:278,False
vol1:279,False
vol1:280,False
vol1:281,True
vol1:282,False
vol1:283,False
vol1:284,True
vol1:285,True
vol1:286,True
vol1:287,False
vol1:288,False
vol1:289,False
vol1:290,False
vol1:291,True
vol1:292,True
vol1:293,False
vol1:294,True
vol1:296,False
vol1:297,False
vol1:298,True
vol1:299,True
vol1:300,False
vol1:302,False
vol1:303,False
vol1:304,False
vol1:305,False
vol1:306,False
vol1:307,True
vol1:308,True
vol1:309,False
vol1:310,False
vol1:311,False
vol1:312,True
vol1:313,True
vol1:314,True
vol1:315,False
vol1:316,False
vol1:317,False
vol1:318,False
vol1:319,False
vol1:320,False
vol1:321,True
vol1:322,True
vol1:323,False
vol1:324,False
vol1:325,True
vol1:326,False
vol1:327,False
vol1:328,False
vol1:329,False
vol1:330,False
vol1:331,True
vol1:332,False
vol1:333,False
vol1:334,False
vol1:335,True
vol1:336,False
vol1:337,False
vol1:338,False
vol1:339,False
vol1:340,False
vol1:341,False
vol1:342,False
vol1:343,False
vol1:344,False
vol1:345,False
vol1:346,False
vol1:347,False
vol1:348,False
vol1:349,False
vol1:350,False
vol1:351,True
vol1:352,True
vol1:353,False
vol1:354,True
vol1:355,False
vol1:356,False
vol1:357,True
vol1:358,False
vol1:359,False
vol1:360,True
vol1:361,True
vol1:362,True
vol1:363,False
vol1:364,False
vol1:365,False
vol1:366,False
vol1:367,False
vol1:368,False
vol1:369,False
vol1:370,True
vol1:371,False
vol1:372,True
vol1:373,False
vol1:374,False
vol1:375,False
vol1:376,False
vol1:377,False
vol1:378,False
vol1:379,True
vol1:380,True
vol1:381,False
vol1:382,False
vol1:383,False
vol1:384,False
vol1:385,False
vol1:386,False
vol1:387,False
vol1:388,True
vol1:389,False
vol1:390,False
vol1:391,False
vol1:392,True
vol1:393,False
vol1:394,False
vol1:395,False
vol1:396,False
vol1:397,False
vol1:398,False
vol1:399,False
vol1:400,False
vol1:401,False
vol1:402,True
vol1:403,False
vol1:404,False
vol1:405,False
vol1:406,False
vol1:407,True
vol1:408,False
vol1:409,False
vol1:410,False
vol1:411,False
vol1:412,False
vol1:413,False
vol1:414,True
vol1:415,True
vol1:416,False
vol1:417,False
vol1:47,False
vol1:48,False
vol1:49,False
vol1:50,False
vol1:51,False
vol1:52,False
vol1:53,False
vol1:54,False
vol1:55,False
vol1:56,False
vol1:57,False
vol1:58,True
vol1:59,False
vol1:60,False
vol1:61,True
vol1:62,False
vol1:67,True
vol1:68,False
vol1:69,False
vol1:70,True
vol1:71,False
vol1:72,False
vol1:73,False
vol1:74,False
vol1:75,False
vol1:76,False
vol1:77,False
vol1:78,False
vol1:79,True
vol1:80,False
vol1:81,True
vol1:82,True
vol1:83,True
vol1:84,False
vol1:85,False
vol1:86,False
vol1:87,False
vol1:88,False
vol1:89,False
vol1:90,False
vol1:91,True
vol1:92,False
vol1:93,False
vol1:94,False
vol1:95,False
vol1:96,False
vol1:97,True
vol1:98,False
vol1:99,True
vol2:100,False
vol2:101,False
vol2:102,False
vol2:103,True
vol2:104,False
vol2:105,False
vol2:106,False
vol2:107,False
vol2:108,True
vol2:109,False
vol2:110,False
vol2:111,False
vol2:112,False
vol2:113,False
vol2:114,False
vol2:115,False
vol2:116,False
vol2:117,False
vol2:118,False
vol2:119,False
vol2:121,False
vol2:122,False
vol2:123,False
vol2:124,True
vol2:125,True
vol2:126,False
vol2:127,False
vol2:128,False
vol2:129,False
vol2:130,False
vol2:131,False
vol2:132,True
vol2:133,True
vol2:134,True
vol2:135,False
vol2:136,False
vol2:137,False
vol2:138,False
vol2:139,False
vol2:140,False
vol2:141,False
vol2:142,False
vol2:143,False
vol2:144,False
vol2:145,True
vol2:146,False
vol2:147,False
vol2:148,False
vol2:149,False
vol2:150,False
vol2:151,False
vol2:152,False
vol2:153,True
vol2:154,True
vol2:155,False
vol2:156,False
vol2:157,False
vol2:158,False
vol2:159,False
vol2:160,False
vol2:161,False
vol2:162,True
vol2:163,False
vol2:164,False
vol2:165,False
vol2:166,False
vol2:167,False
vol2:168,True
vol2:169,False
vol2:170,False
vol2:171,False
vol2:172,False
vol2:173,False
vol2:174,False
vol2:175,False
vol2:176,False
vol2:177,False
vol2:178,False
vol2:179,True
vol2:180,False
vol2:181,False
vol2:182,False
vol2:183,True
vol2:184,True
vol2:185,False
vol2:186,False
vol2:187,False
vol2:188,False
vol2:189,False
vol2:190,True
vol2:191,False
vol2:192,False
vol2:193,False
vol2:194,True
vol2:195,True
vol2:196,False
vol2:197,True
vol2:198,False
vol2:199,True
vol2:200,False
vol2:201,True
vol2:202,False
vol2:203,False
vol2:204,False
vol2:205,False
vol2:206,False
vol2:207,False
vol2:208,False
vol2:209,False
vol2:210,False
vol2:211,False
vol2:212,False
vol2:213,True
vol2:214,False
vol2:215,False
vol2:216,False
vol2:217,False
vol2:218,True
vol2:219,True
vol2:220,True
vol2:221,False
vol2:222,False
vol2:223,True
vol2:224,False
vol2:225,False
vol2:226,False
vol2:227,False
vol2:228,True
vol2:229,True
vol2:23,False
vol2:230,False
vol2:231,True
vol2:232,False
vol2:233,True
vol2:234,False
vol2:235,True
vol2:236,False
vol2:237,False
vol2:238,False
vol2:239,False
vol2:24,False
vol2:240,False
vol2:241,False
vol2:242,False
vol2:243,False
vol2:244,False
vol2:245,False
vol2:246,False
vol2:247,False
vol2:248,False
vol2:249,False
vol2:25,False
vol2:250,False
vol2:251,True
vol2:252,True
vol2:253,True
vol2:254,False
vol2:255,False
vol2:256,False
vol2:257,False
vol2:258,False
vol2:259,False
vol2:26,False
vol2:260,False
vol2:261,True
vol2:262,False
vol2:263,False
vol2:264,False
vol2:265,True
vol2:266,False
vol2:267,True
vol2:268,False
vol2:269,False
vol2:27,False
vol2:270,True
vol2:271,True
vol2:272,False
vol2:273,False
vol2:274,False
vol2:28,False
vol2:283,False
vol2:284,False
vol2:285,False
vol2:286,True
vol2:287,False
vol2:288,False
vol2:289,False
vol2:29,True
vol2:290,False
vol2:299,True
vol2:30,False
vol2:300,False
vol2:301,False
vol2:302,False
vol2:303,False
vol2:304,True
vol2:305,False
vol2:306,False
vol2:307,True
vol2:308,False
vol2:309,False
vol2:31,False
vol2:310,True
vol2:311,False
vol2:312,False
vol2:313,True
vol2:314,False
vol2:315,True
vol2:316,False
vol2:317,False
vol2:318,True
vol2:319,False
vol2:32,False
vol2:320,False
vol2:321,False
vol2:322,False
vol2:323,False
vol2:324,False
vol2:325,False
vol2:326,False
vol2:327,False
vol2:328,False
vol2:329,False
vol2:33,False
vol2:330,False
vol2:331,True
vol2:332,False
vol2:333,True
vol2:334,False
vol2:335,False
vol2:336,False
vol2:337,False
vol2:338,False
vol2:339,False
vol2:34,False
vol2:340,False
vol2:341,False
vol2:342,False
vol2:343,False
vol2:344,False
vol2:345,False
vol2:346,False
vol2:347,False
vol2:348,True
vol2:349,False
vol2:35,False
vol2:350,False
vol2:351,True
vol2:352,False
vol2:353,False
vol2:354,False
vol2:355,False
vol2:356,False
vol2:357,False
vol2:358,False
vol2:36,False
vol2:360,False
vol2:361,False
vol2:362,True
vol2:363,False
vol2:364,False
vol2:365,False
vol2:366,False
vol2:367,False
vol2:368,False
vol2:369,False
vol2:37,False
vol2:370,False
vol2:371,False
vol2:372,False
vol2:373,True
vol2:374,False
vol2:375,False
vol2:376,False
vol2:377,False
vol2:378,False
vol2:379,False
vol2:38,False
vol2:380,False
vol2:381,False
vol2:382,False
vol2:383,True
vol2:385,False
vol2:386,False
vol2:387,False
vol2:388,False
vol2:389,False
vol2:39,False
vol2:390,False
vol2:391,False
vol2:392,False
vol2:393,False
vol2:394,False
vol2:395,True
vol2:396,False
vol2:397,False
vol2:398,False
vol2:399,True
vol2:40,False
vol2:400,False
vol2:401,False
vol2:402,True
vol2:403,False
vol2:404,False
vol2:405,True
vol2:406,False
vol2:407,False
vol2:408,False
vol2:409,False
vol2:41,False
vol2:410,True
vol2:411,False
vol2:412,False
vol2:413,False
vol2:414,False
vol2:415,True
vol2:416,False
vol2:417,True
vol2:418,False
vol2:419,False
vol2:42,False
vol2:420,False
vol2:421,False
vol2:422,False
vol2:423,False
vol2:424,False
vol2:425,False
vol2:426,False
vol2:427,False
vol2:428,False
vol2:429,False
vol2:43,True
vol2:430,False
vol2:431,False
vol2:432,False
vol2:433,False
vol2:434,False
vol2:44,True
vol2:45,True
vol2:46,False
vol2:47,False
vol2:48,True
vol2:49,False
vol2:50,True
vol2:51,False
vol2:52,False
vol2:53,False
vol2:54,False
vol2:55,False
vol2:56,False
vol2:57,False
vol2:58,True
vol2:59,False
vol2:60,False
vol2:61,False
vol2:62,False
vol2:63,False
vol2:64,False
vol2:65,False
vol2:66,False
vol2:67,False
vol2:68,True
vol2:69,False
vol2:70,True
vol2:71,True
vol2:72,True
vol2:73,False
vol2:74,False
vol2:75,False
vol2:76,False
vol2:77,False
vol2:78,True
vol2:79,False
vol2:80,False
vol2:81,False
vol2:82,True
vol2:83,True
vol2:84,False
vol2:85,True
vol2:86,True
vol2:87,True
vol2:88,False
vol2:89,True
vol2:90,False
vol2:91,False
vol2:92,False
vol2:93,False
vol2:94,False
vol2:95,False
vol2:96,False
vol2:97,False
vol2:98,False
vol2:99,False
vol3:100,False
vol3:101,False
vol3:102,True
vol3:103,False
vol3:104,False
vol3:105,True
vol3:106,False
vol3:107,False
vol3:108,False
vol3:109,False
vol3:110,False
vol3:111,False
vol3:112,False
vol3:113,False
vol3:114,False
vol3:115,False
vol3:116,True
vol3:117,True
vol3:118,True
vol3:119,False
vol3:120,False
vol3:121,True
vol3:122,False
vol3:123,True
vol3:124,False
vol3:125,False
vol3:126,False
vol3:127,True
vol3:128,True
vol3:129,False
vol3:130,False
vol3:131,False
vol3:132,False
vol3:133,False
vol3:134,False
vol3:135,False
vol3:136,False
vol3:137,False
vol3:138,False
vol3:155,False
vol3:156,False
vol3:158,False
vol3:159,False
vol3:160,False
vol3:161,True
vol3:162,False
vol3:163,True
vol3:164,False
vol3:165,False
vol3:167,False
vol3:168,False
vol3:169,True
vol3:170,False
vol3:171,False
vol3:172,False
vol3:173,True
vol3:174,False
vol3:176,False
vol3:177,False
vol3:178,True
vol3:179,False
vol3:180,False
vol3:181,False
vol3:182,False
vol3:183,False
vol3:184,False
vol3:185,False
vol3:186,False
vol3:187,True
vol3:188,False
vol3:189,False
vol3:190,False
vol3:191,False
vol3:192,False
vol3:193,False
vol3:194,False
vol3:195,True
vol3:196,False
vol3:197,False
vol3:198,True
vol3:199,True
vol3:200,False
vol3:201,False
vol3:202,False
vol3:203,False
vol3:204,False
vol3:205,True
vol3:206,False
vol3:207,False
vol3:208,False
vol3:209,True
vol3:210,False
vol3:211,False
vol3:212,False
vol3:213,False
vol3:214,False
vol3:215,True
vol3:216,True
vol3:218,False
vol3:219,False
vol3:220,True
vol3:221,True
vol3:222,True
vol3:223,False
vol3:224,False
vol3:225,False
vol3:226,False
vol3:227,False
vol3:228,False
vol3:229,False
vol3:23,False
vol3:230,True
vol3:231,False
vol3:232,True
vol3:233,False
vol3:234,True
vol3:235,False
vol3:236,True
vol3:237,False
vol3:238,False
vol3:239,False
vol3:24,False
vol3:240,False
vol3:241,False
vol3:242,False
vol3:243,False
vol3:244,False
vol3:245,False
vol3:246,True
vol3:247,False
vol3:248,False
vol3:249,False
vol3:25,False
vol3:250,False
vol3:251,False
vol3:252,False
vol3:253,True
vol3:254,False
vol3:255,False
vol3:256,False
vol3:257,False
vol3:258,True
vol3:259,False
vol3:26,False
vol3:260,True
vol3:261,True
vol3:262,True
vol3:263,True
vol3:264,False
vol3:265,False
vol3:266,False
vol3:267,False
vol3:268,False
vol3:269,False
vol3:27,False
vol3:270,False
vol3:271,False
vol3:272,False
vol3:273,False
vol3:274,False
vol3:275,False
vol3:276,False
vol3:277,False
vol3:278,False
vol3:279,False
vol3:28,False
vol3:280,False
vol3:281,False
vol3:282,False
vol3:283,False
vol3:284,False
vol3:285,False
vol3:286,False
vol3:287,False
vol3:288,False
vol3:289,False
vol3:29,False
vol3:290,False
vol3:291,False
vol3:292,False
vol3:293,True
vol3:294,True
vol3:295,False
vol3:296,False
vol3:297,False
vol3:298,False
vol3:299,False
vol3:30,False
vol3:300,False
vol3:301,False
vol3:302,False
vol3:303,False
vol3:304,False
vol3:305,True
vol3:306,False
vol3:307,False
vol3:308,False
vol3:309,False
vol3:31,False
vol3:310,False
vol3:311,False
vol3:312,False
vol3:313,False
vol3:314,True
vol3:315,True
vol3:316,False
vol3:317,False
vol3:318,False
vol3:319,False
vol3:32,False
vol3:320,False
vol3:321,False
vol3:322,False
vol3:323,False
vol3:324,True
vol3:325,False
vol3:326,False
vol3:327,False
vol3:328,False
vol3:329,True
vol3:33,False
vol3:330,False
vol3:331,False
vol3:332,False
vol3:333,True
vol3:334,False
vol3:335,False
vol3:336,False
vol3:337,False
vol3:338,True
vol3:339,False
vol3:34,True
vol3:340,False
vol3:341,False
vol3:342,False
vol3:343,False
vol3:344,False
vol3:345,False
vol3:346,False
vol3:35,False
vol3:355,False
vol3:356,False
vol3:357,False
vol3:358,False
vol3:359,True
vol3:36,False
vol3:360,False
vol3:361,False
vol3:362,True
vol3:363,False
vol3:364,False
vol3:365,True
vol3:366,False
vol3:367,True
vol3:368,False
vol3:369,False
vol3:37,False
vol3:370,False
vol3:371,False
vol3:372,False
vol3:373,False
vol3:374,False
vol3:375,False
vol3:376,False
vol3:377,False
vol3:378,False
vol3:379,True
vol3:38,False
vol3:380,False
vol3:381,False
vol3:382,False
vol3:383,True
vol3:384,False
vol3:385,False
vol3:386,False
vol3:387,False
vol3:388,False
vol3:389,True
vol3:39,False
vol3:390,False
vol3:391,False
vol3:392,False
vol3:393,True
vol3:394,True
vol3:395,False
vol3:396,False
vol3:397,False
vol3:398,False
vol3:399,False
vol3:40,False
vol3:400,False
vol3:401,True
vol3:402,False
vol3:403,True
vol3:404,False
vol3:405,True
vol3:406,True
vol3:407,False
vol3:408,False
vol3:409,False
vol3:41,False
vol3:410,False
vol3:411,True
vol3:412,False
vol3:413,False
vol3:414,False
vol3:415,False
vol3:416,False
vol3:417,False
vol3:418,False
vol3:419,False
vol3:42,False
vol3:420,False
vol3:421,False
vol3:422,False
vol3:423,False
vol3:424,False
vol3:425,False
vol3:426,False
vol3:427,False
vol3:428,False
vol3:429,False
vol3:43,True
vol3:430,True
vol3:431,False
vol3:432,False
vol3:433,False
vol3:434,True
vol3:435,False
vol3:436,False
vol3:437,False
vol3:438,False
vol3:439,False
vol3:44,True
vol3:440,True
vol3:441,False
vol3:442,True
vol3:443,False
vol3:444,False
vol3:445,False
vol3:446,False
vol3:447,True
vol3:448,False
vol3:449,False
vol3:45,False
vol3:450,False
vol3:451,False
vol3:452,False
vol3:453,True
vol3:454,False
vol3:455,False
vol3:456,True
vol3:457,False
vol3:458,False
vol3:459,False
vol3:46,True
vol3:460,True
vol3:461,False
vol3:462,False
vol3:463,True
vol3:464,False
vol3:465,False
vol3:466,False
vol3:467,False
vol3:468,False
vol3:469,False
vol3:47,False
vol3:470,False
vol3:471,False
vol3:472,False
vol3:473,True
vol3:474,False
vol3:475,False
vol3:476,True
vol3:477,False
vol3:478,True
vol3:479,False
vol3:48,False
vol3:480,False
vol3:481,False
vol3:482,True
vol3:483,True
vol3:484,False
vol3:485,False
vol3:487,False
vol3:488,False
vol3:489,True
vol3:49,True
vol3:490,False
vol3:491,False
vol3:492,False
vol3:493,False
vol3:494,False
vol3:495,False
vol3:496,False
vol3:497,False
vol3:498,False
vol3:499,False
vol3:50,False
vol3:500,False
vol3:501,False
vol3:502,False
vol3:503,True
vol3:504,False
vol3:505,False
vol3:506,False
vol3:507,True
vol3:508,False
vol3:509,False
vol3:51,True
vol3:510,False
vol3:512,False
vol3:513,True
vol3:514,True
vol3:52,True
vol3:53,True
vol3:54,False
vol3:55,False
vol3:56,False
vol3:57,False
vol3:58,False
vol3:59,True
vol3:60,False
vol3:61,False
vol3:62,False
vol3:63,False
vol3:64,False
vol3:65,False
vol3:66,False
vol3:67,False
vol3:68,True
vol3:69,False
vol3:70,False
vol3:71,False
vol3:72,False
vol3:73,True
vol3:74,False
vol3:75,False
vol3:76,False
vol3:77,False
vol3:78,False
vol3:79,False
vol3:80,False
vol3:81,False
vol3:82,True
vol3:91,False
vol3:92,True
vol3:93,False
vol3:94,False
vol3:95,False
vol3:96,False
vol3:97,False
vol3:98,False
vol3:99,False
