p1,p2,source_page_support
R11,R23,262
R05,R09,215
R09,R23,204
R05,R23,161
R23,R44,150
R11,R44,149
R11,R12,142
R09,R11,140
R15,R23,122
R05,R11,120
R09,R15,111
R11,R15,109
R05,R15,100
R05,R40,96
R09,R12,96
R12,R23,93
R09,R40,91
R09,R44,76
R19,R61,76
R05,R12,75
R12,R15,74
R23,R36,74
R05,R08,73
R23,R31,73
R11,R36,72
R08,R09,70
R47,R49,70
R23,R24,69
R23,R40,67
R05,R31,65
R23,R65,62
R44,R46,61
R11,R40,61
R09,R60,60
R09,R31,59
R08,R23,58
R46,R47,57
R09,R36,56
R23,R60,55
R43,R46,55
R23,R38,54
R23,R42,54
R11,R38,54
R46,R49,53
R23,R46,52
R05,R38,52
R09,R38,52
R11,R46,52
R09,R24,52
R15,R44,50
R05,R10,49
R43,R44,49
R12,R14,49
R03,R09,48
R11,R60,48
R05,R44,48
R09,R14,48
R08,R40,48
R05,R14,47
R23,R64,46
R09,R10,46
R11,R31,45
R05,R60,45
R05,R24,45
R14,R23,44
R14,R18,44
R12,R13,43
R11,R21,43
R23,R56,43
R30,R34,42
R04,R23,42
R08,R11,41
R12,R44,41
R15,R31,41
R11,R14,41
R04,R05,41
R15,R40,40
R01,R23,40
R05,R71,40
R04,R09,40
R23,R71,40
R39,R51,40
R11,R71,39
R09,R69,39
R10,R23,39
R15,R38,39
R11,R24,39
R23,R26,38
R43,R47,38
R42,R44,37
R23,R52,37
R09,R22,37
R05,R36,37
R09,R71,37
R39,R47,36
R09,R64,36
R03,R05,35
R11,R43,35
R22,R23,35
R13,R64,35
R44,R60,35
R36,R40,35
R44,R47,34
R10,R40,34
R44,R45,34
R36,R44,34
R21,R23,34
R05,R22,33
R11,R13,33
R10,R11,33
R23,R43,33
R09,R68,32
R11,R56,32
R05,R64,32
R40,R44,32
R11,R65,32
R01,R05,32
R11,R52,31
R43,R45,31
R02,R23,30
R17,R63,30
R12,R31,30
R64,R65,30
R23,R68,30
R09,R67,30
R11,R67,30
R23,R67,29
R14,R15,29
R12,R64,29
R23,R76,29
R23,R30,29
R09,R21,29
R13,R18,29
R23,R29,29
R12,R38,28
R11,R22,28
R15,R24,28
R09,R63,28
R08,R15,27
R05,R07,27
R56,R57,27
R08,R12,27
R01,R09,27
R11,R17,27
R31,R38,27
R45,R47,27
R23,R63,27
R47,R80,26
R60,R65,26
R08,R44,26
R45,R49,26
R23,R45,26
R63,R64,26
R09,R65,26
R44,R65,26
R08,R36,26
R11,R42,26
R23,R27,25
R05,R06,25
R24,R44,25
R23,R74,25
R03,R23,25
R05,R67,25
R18,R64,25
R11,R30,25
R11,R26,24
R42,R46,24
R42,R67,24
R05,R63,24
R22,R44,24
R42,R65,24
R05,R68,24
R02,R09,24
R38,R40,24
R23,R75,23
R44,R71,23
R23,R50,23
R09,R52,23
R05,R21,23
R23,R32,23
R39,R49,23
R12,R40,23
R05,R32,23
R65,R76,23
R39,R50,23
R44,R52,23
R23,R69,23
R23,R39,23
R56,R65,22
R36,R46,22
R11,R29,22
R24,R40,22
R15,R36,22
R11,R64,22
R15,R60,22
R13,R23,22
R11,R20,22
R15,R56,22
R36,R60,22
R01,R04,22
R26,R44,22
R47,R50,22
R44,R67,22
R11,R18,22
R60,R63,21
R09,R75,21
R24,R36,21
R09,R34,21
R24,R60,21
R04,R15,21
R06,R09,21
R45,R46,21
R60,R67,21
R42,R47,21
R09,R20,21
R16,R23,21
R40,R60,21
R05,R52,21
R44,R49,21
R10,R44,21
R10,R15,21
R11,R45,21
R48,R49,20
R03,R15,20
R11,R50,20
R31,R44,20
R39,R44,20
R09,R32,20
R55,R76,20
R25,R65,20
R44,R63,20
R09,R18,20
R03,R12,20
R14,R40,20
R12,R60,20
R39,R46,20
R05,R56,20
R11,R16,20
R10,R22,20
R22,R40,19
R02,R05,19
R15,R71,19
R26,R56,19
R07,R09,19
R08,R60,19
R12,R24,19
R20,R23,19
R15,R20,19
R30,R60,19
R46,R50,19
R31,R40,19
R01,R08,19
R05,R18,19
R09,R56,18
R42,R43,18
R65,R67,18
R44,R56,18
R11,R75,18
R03,R11,18
R47,R65,18
R47,R60,18
R05,R69,18
R04,R31,18
R08,R24,18
R18,R23,18
R40,R46,17
R11,R34,17
R08,R22,17
R11,R63,17
R14,R31,17
R40,R71,17
R05,R65,17
R08,R31,17
R29,R52,17
R23,R34,17
R60,R64,17
R09,R30,17
R09,R66,17
R46,R55,17
R15,R52,17
R13,R44,17
R04,R11,17
R01,R02,17
R24,R31,17
R42,R45,17
R31,R56,17
R12,R34,16
R12,R36,16
R10,R60,16
R10,R12,16
R11,R68,16
R01,R64,16
R26,R42,16
R05,R20,16
R56,R60,16
R38,R44,16
R31,R32,16
R14,R38,16
R21,R52,16
R46,R65,16
R46,R80,16
R15,R34,16
R56,R64,16
R04,R64,16
R14,R64,16
R24,R26,16
R40,R67,15
R47,R48,15
R26,R46,15
R16,R44,15
R24,R38,15
R42,R64,15
R31,R60,15
R47,R51,15
R56,R67,15
R12,R17,15
R31,R52,15
R08,R14,15
R34,R60,15
R42,R76,15
R07,R23,15
R34,R39,15
R11,R27,15
R31,R64,15
R08,R38,15
R23,R51,15
R11,R69,15
R12,R56,15
R05,R34,15
R43,R49,15
R49,R55,15
R02,R11,15
R09,R42,14
R27,R31,14
R02,R04,14
R13,R46,14
R46,R60,14
R12,R16,14
R46,R48,14
R12,R18,14
R02,R64,14
R12,R30,14
R05,R66,14
R03,R08,14
R24,R46,14
R49,R51,14
R04,R40,14
R12,R20,14
R55,R60,14
R11,R32,14
R64,R67,13
R23,R49,13
R15,R68,13
R11,R51,13
R67,R76,13
R11,R39,13
R02,R44,13
R24,R65,13
R23,R47,13
R43,R50,13
R45,R60,13
R49,R50,13
R15,R42,13
R37,R44,13
R30,R46,13
R14,R22,13
R60,R66,13
R08,R10,13
R11,R81,13
R02,R15,13
R13,R65,13
R03,R10,13
R07,R08,13
R31,R65,13
R60,R71,13
R04,R22,13
R26,R45,13
R50,R51,13
R15,R64,13
R09,R74,13
R12,R22,13
R30,R65,13
R10,R38,13
R44,R50,13
R46,R63,13
R13,R47,13
R06,R07,12
R15,R75,12
R22,R64,12
R36,R38,12
R06,R11,12
R05,R27,12
R14,R36,12
R04,R66,12
R15,R65,12
R11,R47,12
R47,R76,12
R17,R44,12
R21,R44,12
R55,R65,12
R14,R44,12
R31,R63,12
R09,R27,12
R12,R52,12
R12,R69,12
R23,R81,12
R36,R42,12
R63,R65,12
R01,R56,12
R01,R40,12
R09,R26,12
R17,R23,12
R15,R16,12
R15,R32,12
R15,R22,12
R22,R60,11
R08,R56,11
R36,R71,11
R18,R22,11
R44,R64,11
R08,R67,11
R07,R11,11
R08,R63,11
R51,R52,11
R12,R21,11
R15,R27,11
R60,R68,11
R16,R30,11
R22,R36,11
R43,R60,11
R04,R44,11
R05,R13,11
R23,R25,11
R26,R30,11
R24,R71,11
R04,R38,11
R57,R65,11
R04,R24,11
R03,R40,11
R21,R24,11
R03,R60,11
R60,R69,11
R03,R31,11
R01,R42,11
R31,R71,11
R25,R67,11
R03,R22,11
R10,R36,11
R11,R74,11
R30,R31,11
R31,R75,11
R05,R81,11
R38,R75,11
R24,R64,11
R15,R63,11
R13,R63,11
R02,R42,11
R12,R68,11
R25,R76,11
R30,R44,11
R43,R48,11
R29,R44,11
R11,R37,11
R37,R46,11
R47,R55,11
R15,R21,11
R03,R67,10
R02,R65,10
R21,R38,10
R23,R28,10
R15,R46,10
R34,R51,10
R42,R60,10
R27,R38,10
R14,R24,10
R64,R66,10
R37,R47,10
R05,R30,10
R46,R76,10
R06,R23,10
R25,R34,10
R04,R68,10
R25,R56,10
R09,R46,10
R22,R67,10
R23,R66,10
R09,R37,10
R09,R17,10
R42,R55,10
R25,R42,10
R08,R32,10
R15,R67,10
R23,R53,10
R14,R60,10
R16,R63,10
R36,R43,10
R13,R19,10
R15,R69,10
R26,R43,10
R01,R11,10
R46,R51,10
R03,R24,10
R26,R29,10
R40,R42,10
R04,R08,10
R10,R14,10
R05,R74,10
R13,R60,10
R62,R64,10
R09,R13,10
R14,R32,10
R25,R26,10
R01,R22,10
R10,R46,10
R30,R76,10
R02,R22,10
R26,R65,10
R61,R64,10
R34,R56,10
R38,R60,10
R07,R24,10
R20,R44,10
R52,R65,10
R16,R17,10
R08,R18,9
R01,R12,9
R09,R81,9
R02,R68,9
R01,R15,9
R54,R76,9
R30,R56,9
R36,R67,9
R04,R21,9
R06,R40,9
R02,R60,9
R36,R52,9
R03,R04,9
R45,R67,9
R23,R57,9
R44,R48,9
R38,R67,9
R38,R65,9
R04,R60,9
R39,R41,9
R09,R16,9
R23,R37,9
R19,R22,9
R05,R75,9
R15,R17,9
R05,R46,9
R27,R44,9
R49,R65,9
R36,R63,9
R65,R74,9
R01,R63,9
R09,R19,9
R08,R71,9
R01,R74,9
R39,R42,9
R16,R60,9
R07,R12,9
R24,R27,9
R34,R44,9
R18,R40,9
R04,R65,9
R05,R16,9
R63,R71,9
R14,R16,9
R40,R64,9
R45,R50,9
R12,R63,9
R01,R44,9
R25,R30,9
R12,R71,9
R30,R67,9
R08,R34,9
R15,R81,9
R10,R67,9
R26,R76,9
R24,R34,9
R46,R52,9
R05,R19,9
R02,R31,9
R26,R67,9
R14,R21,9
R45,R48,9
R14,R34,9
R03,R64,9
R01,R03,8
R31,R68,8
R15,R29,8
R31,R36,8
R13,R45,8
R13,R26,8
R14,R71,8
R64,R76,8
R06,R08,8
R22,R38,8
R09,R50,8
R06,R32,8
R10,R31,8
R11,R57,8
R08,R64,8
R40,R56,8
R35,R75,8
R11,R41,8
R05,R42,8
R07,R15,8
R18,R56,8
R26,R34,8
R64,R68,8
R63,R69,8
R18,R19,8
R43,R51,8
R21,R22,8
R39,R45,8
R29,R31,8
R16,R40,8
R22,R32,8
R44,R51,8
R04,R67,8
R31,R67,8
R34,R47,8
R31,R39,8
R16,R31,8
R13,R67,8
R67,R71,8
R12,R27,8
R21,R51,8
R05,R43,8
R07,R22,8
R20,R24,8
R12,R67,8
R36,R45,8
R15,R30,8
R47,R63,8
R42,R63,8
R43,R67,8
R60,R76,8
R12,R75,8
R22,R56,8
R57,R64,8
R11,R19,8
R34,R40,8
R38,R56,8
R22,R31,8
R26,R60,8
R05,R61,8
R31,R66,8
R03,R44,8
R03,R63,8
R22,R46,8
R14,R20,8
R11,R49,8
R40,R52,8
R30,R42,8
R40,R68,8
R23,R41,8
R02,R40,8
R31,R74,7
R20,R60,7
R20,R31,7
R15,R39,7
R12,R19,7
R20,R65,7
R49,R80,7
R50,R52,7
R43,R76,7
R22,R24,7
R30,R55,7
R11,R53,7
R21,R31,7
R65,R68,7
R47,R54,7
R64,R74,7
R44,R80,7
R13,R22,7
R68,R74,7
R21,R65,7
R04,R36,7
R44,R68,7
R18,R44,7
R13,R62,7
R34,R64,7
R16,R34,7
R09,R58,7
R22,R68,7
R61,R65,7
R09,R51,7
R65,R71,7
R32,R38,7
R36,R68,7
R26,R47,7
R01,R65,7
R12,R81,7
R01,R13,7
R38,R74,7
R04,R61,7
R04,R12,7
R15,R61,7
R07,R14,7
R06,R12,7
R27,R40,7
R24,R68,7
R07,R40,7
R13,R40,7
R46,R64,7
R40,R63,7
R05,R17,7
R08,R26,7
R36,R65,7
R24,R67,7
R30,R39,7
R01,R18,7
R08,R46,7
R16,R24,7
R21,R71,7
R02,R24,7
R07,R32,7
R45,R52,7
R13,R43,7
R11,R80,7
R42,R56,7
R22,R65,7
R09,R29,7
R46,R56,7
R46,R67,7
R43,R64,7
R37,R43,7
R31,R42,7
R38,R42,7
R13,R31,7
R04,R69,7
R30,R50,7
R66,R67,7
R02,R03,7
R05,R37,7
R01,R68,7
R40,R65,7
R02,R36,7
R26,R51,7
R42,R50,7
R26,R39,7
R09,R43,7
R40,R43,7
R24,R30,7
R45,R63,7
R25,R60,7
R02,R08,7
R50,R60,7
R42,R52,7
R64,R69,7
R18,R60,7
R09,R57,7
R08,R68,7
R11,R66,7
R24,R69,7
R38,R66,7
R23,R58,7
R14,R75,7
R13,R24,7
R57,R75,7
R42,R49,7
R49,R76,7
R02,R30,7
R25,R64,7
R44,R69,7
R08,R66,7
R08,R27,7
R01,R67,7
R12,R66,7
R29,R51,7
R15,R18,7
R36,R37,6
R13,R42,6
R46,R54,6
R54,R55,6
R63,R67,6
R11,R25,6
R36,R47,6
R02,R14,6
R17,R69,6
R67,R74,6
R36,R50,6
R05,R51,6
R12,R65,6
R12,R42,6
R39,R43,6
R43,R65,6
R36,R49,6
R11,R76,6
R05,R50,6
R30,R36,6
R26,R31,6
R12,R29,6
R29,R38,6
R38,R71,6
R38,R68,6
R01,R60,6
R69,R71,6
R15,R66,6
R10,R63,6
R60,R62,6
R30,R64,6
R37,R39,6
R14,R56,6
R34,R37,6
R03,R71,6
R34,R38,6
R04,R42,6
R29,R71,6
R04,R46,6
R04,R30,6
R22,R50,6
R08,R30,6
R10,R43,6
R40,R66,6
R24,R45,6
R07,R38,6
R10,R30,6
R17,R68,6
R31,R57,6
R25,R57,6
R39,R52,6
R38,R52,6
R01,R31,6
R12,R32,6
R36,R39,6
R43,R53,6
R13,R14,6
R34,R65,6
R13,R15,6
R18,R34,6
R71,R75,6
R11,R35,6
R15,R74,6
R01,R10,6
R63,R66,6
R40,R41,6
R47,R67,6
R52,R60,6
R52,R53,6
R01,R66,6
R65,R66,6
R33,R75,6
R19,R24,6
R39,R65,6
R44,R53,6
R37,R50,6
R04,R13,6
R21,R36,6
R54,R72,6
R05,R28,6
R50,R65,6
R03,R38,6
R08,R69,6
R44,R76,6
R39,R60,6
R15,R50,6
R60,R61,6
R09,R80,6
R18,R31,6
R13,R49,6
R50,R81,6
R21,R40,6
R13,R34,6
R24,R52,6
R41,R51,6
R74,R75,6
R32,R40,6
R05,R41,6
R15,R19,6
R18,R63,5
R08,R52,5
R26,R36,5
R43,R52,5
R52,R76,5
R04,R07,5
R56,R76,5
R10,R16,5
R27,R36,5
R26,R57,5
R06,R52,5
R23,R72,5
R28,R31,5
R22,R30,5
R04,R06,5
R02,R25,5
R68,R71,5
R10,R56,5
R15,R26,5
R63,R76,5
R17,R27,5
R16,R65,5
R24,R74,5
R16,R39,5
R57,R60,5
R22,R42,5
R31,R76,5
R05,R29,5
R20,R38,5
R60,R80,5
R45,R80,5
R17,R24,5
R04,R14,5
R22,R43,5
R49,R60,5
R14,R27,5
R45,R55,5
R01,R38,5
R11,R58,5
R23,R35,5
R37,R45,5
R08,R50,5
R52,R71,5
R05,R57,5
R04,R63,5
R12,R43,5
R05,R53,5
R12,R58,5
R06,R10,5
R07,R67,5
R26,R64,5
R10,R42,5
R17,R65,5
R29,R36,5
R21,R60,5
R14,R67,5
R71,R74,5
R20,R52,5
R26,R52,5
R02,R13,5
R12,R74,5
R37,R49,5
R03,R16,5
R04,R56,5
R14,R63,5
R35,R57,5
R04,R20,5
R39,R48,5
R07,R36,5
R31,R34,5
R06,R38,5
R06,R22,5
R21,R29,5
R47,R52,5
R40,R61,5
R13,R76,5
R36,R64,5
R08,R81,5
R40,R75,5
R08,R75,5
R23,R80,5
R56,R74,5
R49,R63,5
R08,R74,5
R17,R43,5
R04,R71,5
R06,R15,5
R41,R50,5
R20,R30,5
R04,R52,5
R08,R13,5
R18,R38,5
R44,R55,5
R04,R25,5
R25,R44,5
R13,R61,5
R36,R81,5
R01,R24,5
R16,R22,5
R40,R69,5
R02,R38,5
R65,R80,5
R03,R14,5
R40,R47,5
R03,R13,5
R03,R65,5
R47,R64,5
R04,R50,5
R15,R41,5
R05,R62,5
R07,R21,5
R02,R76,5
R37,R40,5
R18,R62,5
R04,R74,5
R36,R56,5
R13,R56,5
R22,R71,5
R10,R20,5
R57,R67,5
R43,R80,5
R20,R64,5
R31,R50,5
R16,R46,5
R34,R71,5
R08,R21,5
R57,R74,5
R12,R50,5
R12,R39,5
R15,R28,5
R24,R75,5
R15,R43,5
R12,R26,5
R24,R29,5
R05,R58,5
R25,R55,5
R38,R81,5
R17,R40,5
R29,R60,4
R21,R56,4
R04,R62,4
R14,R65,4
R03,R52,4
R40,R80,4
R65,R72,4
R15,R51,4
R16,R42,4
R51,R53,4
R14,R19,4
R36,R53,4
R36,R51,4
R45,R51,4
R34,R36,4
R48,R51,4
R06,R20,4
R24,R63,4
R24,R76,4
R13,R30,4
R31,R51,4
R13,R72,4
R02,R61,4
R47,R56,4
R07,R52,4
R19,R65,4
R18,R66,4
R02,R62,4
R76,R77,4
R01,R76,4
R29,R65,4
R07,R10,4
R07,R20,4
R36,R74,4
R09,R61,4
R09,R72,4
R40,R48,4
R06,R31,4
R55,R74,4
R55,R64,4
R19,R63,4
R27,R74,4
R51,R65,4
R51,R60,4
R25,R46,4
R03,R07,4
R03,R21,4
R16,R38,4
R31,R55,4
R22,R66,4
R26,R40,4
R31,R62,4
R23,R62,4
R20,R56,4
R26,R49,4
R31,R46,4
R50,R80,4
R11,R28,4
R16,R64,4
R44,R81,4
R20,R32,4
R17,R39,4
R39,R81,4
R18,R36,4
R39,R80,4
R16,R37,4
R24,R42,4
R02,R26,4
R34,R66,4
R14,R74,4
R42,R68,4
R17,R46,4
R42,R80,4
R56,R66,4
R05,R26,4
R60,R75,4
R15,R58,4
R18,R76,4
R18,R26,4
R14,R66,4
R03,R56,4
R24,R37,4
R01,R27,4
R27,R66,4
R66,R68,4
R25,R66,4
R44,R58,4
R38,R63,4
R18,R75,4
R29,R50,4
R09,R28,4
R09,R39,4
R20,R68,4
R28,R36,4
R31,R69,4
R24,R56,4
R23,R33,4
R35,R38,4
R03,R81,4
R29,R42,4
R01,R46,4
R36,R41,4
R38,R64,4
R20,R67,4
R02,R37,4
R45,R64,4
R45,R76,4
R22,R39,4
R51,R67,4
R30,R37,4
R15,R57,4
R31,R43,4
R29,R56,4
R36,R69,4
R24,R66,4
R55,R67,4
R16,R67,4
R18,R32,4
R04,R32,4
R23,R61,4
R27,R29,4
R03,R68,4
R09,R25,4
R02,R56,4
R01,R30,4
R30,R43,4
R30,R40,4
R56,R71,4
R20,R21,4
R56,R58,4
R21,R64,4
R51,R63,4
R01,R07,4
R01,R32,4
R06,R64,4
R67,R68,4
R30,R51,4
R20,R40,4
R27,R56,4
R14,R30,4
R09,R41,4
R13,R74,4
R41,R60,4
R42,R51,4
R27,R60,4
R16,R52,4
R01,R71,4
R02,R07,4
R02,R12,4
R02,R67,4
R07,R34,4
R10,R71,4
R07,R60,4
R12,R46,4
R34,R46,4
R72,R76,4
R12,R51,4
R38,R51,4
R01,R06,4
R32,R36,4
R13,R55,4
R03,R34,4
R10,R24,4
R02,R34,4
R30,R57,4
R34,R69,4
R18,R65,4
R43,R71,4
R10,R65,4
R38,R39,4
R41,R65,4
R16,R20,4
R39,R56,4
R29,R40,3
R42,R75,3
R03,R19,3
R44,R66,3
R02,R52,3
R18,R20,3
R38,R69,3
R13,R36,3
R16,R49,3
R37,R69,3
R34,R49,3
R08,R37,3
R38,R46,3
R22,R27,3
R14,R51,3
R04,R51,3
R27,R39,3
R15,R25,3
R04,R49,3
R32,R44,3
R22,R69,3
R04,R76,3
R08,R57,3
R34,R81,3
R51,R55,3
R40,R81,3
R24,R25,3
R13,R57,3
R38,R57,3
R05,R80,3
R20,R76,3
R33,R35,3
R20,R71,3
R19,R72,3
R20,R72,3
R01,R16,3
R53,R65,3
R56,R69,3
R28,R38,3
R04,R19,3
R28,R71,3
R22,R74,3
R10,R27,3
R34,R45,3
R19,R40,3
R69,R75,3
R24,R72,3
R09,R53,3
R12,R25,3
R51,R56,3
R06,R18,3
R07,R31,3
R63,R68,3
R56,R63,3
R27,R32,3
R26,R63,3
R10,R68,3
R20,R36,3
R20,R63,3
R40,R74,3
R27,R67,3
R12,R76,3
R41,R59,3
R11,R72,3
R11,R61,3
R10,R64,3
R10,R18,3
R19,R64,3
R50,R63,3
R07,R81,3
R02,R66,3
R29,R75,3
R13,R21,3
R44,R75,3
R14,R81,3
R29,R46,3
R32,R52,3
R30,R38,3
R51,R76,3
R26,R38,3
R74,R76,3
R45,R71,3
R50,R76,3
R32,R68,3
R12,R57,3
R31,R53,3
R03,R06,3
R01,R21,3
R36,R75,3
R03,R69,3
R08,R16,3
R18,R71,3
R01,R36,3
R14,R69,3
R04,R75,3
R21,R75,3
R19,R56,3
R02,R71,3
R06,R14,3
R07,R30,3
R13,R75,3
R32,R67,3
R07,R66,3
R01,R50,3
R19,R60,3
R46,R72,3
R10,R47,3
R16,R36,3
R61,R68,3
R28,R52,3
R05,R72,3
R22,R52,3
R30,R41,3
R50,R54,3
R41,R80,3
R31,R35,3
R16,R71,3
R62,R67,3
R62,R65,3
R18,R30,3
R04,R57,3
R20,R58,3
R37,R76,3
R36,R76,3
R21,R74,3
R44,R74,3
R09,R76,3
R41,R81,3
R44,R72,3
R17,R42,3
R24,R51,3
R22,R41,3
R17,R36,3
R17,R50,3
R02,R46,3
R02,R50,3
R30,R47,3
R08,R43,3
R25,R45,3
R05,R45,3
R03,R29,3
R16,R47,3
R56,R68,3
R52,R56,3
R52,R67,3
R04,R10,3
R46,R68,3
R30,R69,3
R33,R74,3
R07,R64,3
R03,R75,3
R03,R36,3
R09,R35,3
R08,R39,3
R30,R63,3
R32,R34,3
R13,R41,3
R10,R75,3
R13,R50,3
R41,R64,3
R58,R68,3
R50,R64,3
R34,R68,3
R09,R47,3
R27,R63,3
R12,R41,3
R20,R34,3
R19,R21,3
R48,R64,3
R14,R68,3
R26,R27,3
R14,R52,3
R34,R57,3
R14,R46,3
R01,R34,3
R01,R69,3
R18,R68,3
R18,R67,3
R10,R41,3
R02,R18,3
R41,R44,3
R48,R50,3
R41,R46,3
R50,R56,3
R37,R63,3
R17,R60,3
R52,R63,3
R19,R44,3
R04,R39,3
R60,R74,3
R68,R76,3
R24,R81,3
R02,R41,3
R24,R39,3
R63,R74,3
R31,R48,3
R16,R41,3
R48,R65,3
R29,R81,3
R02,R39,3
R43,R56,3
R34,R75,3
R61,R62,3
R16,R51,3
R52,R64,3
R27,R65,3
R47,R53,3
R16,R61,3
R39,R53,3
R10,R50,3
R29,R64,3
R37,R42,3
R26,R50,3
R26,R74,3
R34,R63,3
R66,R75,3
R42,R71,3
R57,R63,3
R31,R61,3
R27,R64,3
R45,R53,3
R43,R63,3
R19,R36,3
R40,R50,3
R15,R62,3
R21,R69,3
R49,R64,3
R43,R55,3
R26,R55,3
R34,R52,2
R27,R46,2
R26,R81,2
R20,R69,2
R34,R53,2
R28,R42,2
R05,R33,2
R27,R52,2
R01,R43,2
R08,R80,2
R34,R43,2
R06,R68,2
R39,R40,2
R22,R57,2
R07,R68,2
R07,R44,2
R25,R77,2
R64,R75,2
R01,R57,2
R61,R63,2
R07,R61,2
R66,R69,2
R16,R27,2
R40,R58,2
R48,R76,2
R39,R63,2
R32,R39,2
R16,R76,2
R53,R63,2
R10,R45,2
R07,R16,2
R32,R63,2
R35,R36,2
R32,R53,2
R29,R47,2
R06,R67,2
R05,R59,2
R50,R55,2
R50,R74,2
R06,R36,2
R35,R65,2
R35,R56,2
R05,R39,2
R15,R49,2
R25,R33,2
R25,R63,2
R10,R52,2
R19,R68,2
R10,R49,2
R18,R27,2
R41,R45,2
R19,R66,2
R12,R72,2
R48,R56,2
R07,R26,2
R04,R48,2
R32,R64,2
R42,R61,2
R41,R67,2
R03,R32,2
R14,R72,2
R20,R28,2
R04,R34,2
R03,R61,2
R27,R34,2
R31,R81,2
R02,R10,2
R31,R41,2
R16,R81,2
R04,R45,2
R03,R62,2
R55,R72,2
R25,R68,2
R46,R81,2
R25,R43,2
R51,R80,2
R07,R50,2
R57,R68,2
R60,R72,2
R49,R69,2
R69,R76,2
R55,R63,2
R17,R29,2
R26,R68,2
R06,R44,2
R16,R18,2
R40,R49,2
R46,R53,2
R13,R81,2
R42,R53,2
R22,R26,2
R30,R32,2
R04,R43,2
R26,R69,2
R24,R62,2
R14,R62,2
R17,R81,2
R07,R19,2
R17,R45,2
R49,R56,2
R10,R39,2
R02,R54,2
R06,R16,2
R20,R74,2
R17,R22,2
R37,R71,2
R13,R71,2
R08,R41,2
R16,R50,2
R30,R75,2
R75,R81,2
R71,R81,2
R08,R61,2
R67,R81,2
R60,R81,2
R42,R72,2
R20,R42,2
R28,R58,2
R28,R64,2
R13,R51,2
R13,R52,2
R58,R64,2
R41,R48,2
R37,R48,2
R30,R80,2
R10,R13,2
R13,R39,2
R32,R66,2
R18,R61,2
R15,R37,2
R40,R45,2
R10,R61,2
R24,R53,2
R28,R29,2
R69,R74,2
R04,R47,2
R24,R41,2
R28,R75,2
R45,R56,2
R33,R57,2
R24,R50,2
R49,R54,2
R19,R54,2
R49,R53,2
R22,R29,2
R40,R72,2
R58,R74,2
R11,R54,2
R46,R71,2
R51,R72,2
R50,R72,2
R51,R71,2
R05,R76,2
R06,R41,2
R04,R16,2
R21,R53,2
R20,R53,2
R50,R71,2
R20,R29,2
R10,R53,2
R57,R61,2
R10,R21,2
R22,R63,2
R07,R53,2
R07,R29,2
R06,R29,2
R06,R21,2
R21,R46,2
R30,R71,2
R37,R41,2
R50,R67,2
R01,R26,2
R52,R81,2
R18,R24,2
R68,R72,2
R10,R66,2
R37,R65,2
R02,R63,2
R21,R30,2
R41,R52,2
R39,R68,2
R23,R54,2
R22,R47,2
R10,R69,2
R37,R68,2
R42,R74,2
R21,R63,2
R21,R50,2
R72,R74,2
R39,R72,2
R39,R54,2
R21,R34,2
R67,R72,2
R24,R28,2
R30,R49,2
R33,R44,2
R04,R29,2
R08,R29,2
R33,R56,2
R38,R58,2
R14,R29,2
R24,R35,2
R29,R35,2
R26,R28,2
R25,R39,2
R26,R33,2
R20,R26,2
R13,R69,2
R09,R45,2
R36,R77,2
R45,R65,2
R47,R72,2
R57,R58,2
R18,R58,2
R25,R58,2
R50,R58,2
R08,R33,2
R21,R28,2
R20,R25,2
R19,R30,2
R03,R53,2
R20,R27,2
R03,R20,2
R21,R41,2
R17,R61,2
R20,R22,2
R08,R20,2
R15,R53,2
R50,R53,2
R25,R51,2
R44,R54,2
R13,R54,2
R25,R31,2
R31,R33,2
R08,R19,2
R42,R48,2
R36,R55,2
R15,R76,2
R51,R81,2
R29,R76,2
R64,R81,2
R15,R72,2
R49,R52,2
R46,R69,2
R32,R75,2
R17,R38,2
R29,R74,2
R21,R35,2
R21,R43,2
R29,R68,2
R35,R44,2
R01,R49,2
R38,R41,2
R06,R24,2
R08,R17,2
R33,R34,2
R49,R71,2
R28,R63,2
R08,R28,2
R06,R34,2
R32,R71,2
R30,R68,2
R39,R67,2
R01,R75,2
R67,R69,2
R04,R18,2
R34,R67,2
R51,R64,2
R65,R75,2
R52,R75,2
R34,R50,2
R50,R57,2
R02,R75,2
R02,R21,2
R67,R75,2
R39,R76,2
R32,R60,2
R19,R23,2
R03,R74,2
R20,R57,2
R19,R38,2
R13,R25,2
R38,R50,2
R37,R80,2
R12,R35,2
R29,R43,2
R29,R45,2
R41,R47,2
R49,R67,2
R02,R20,2
R29,R32,2
R10,R80,2
R24,R32,2
R09,R33,2
R01,R20,2
R11,R70,2
R09,R70,2
R62,R76,2
R50,R66,2
R11,R55,2
R17,R74,2
R23,R55,2
R24,R47,2
R09,R54,2
R01,R47,2
R11,R33,2
R15,R33,2
R10,R74,2
R01,R72,2
R02,R72,2
R53,R68,2
R14,R70,2
R18,R53,2
R27,R68,2
R52,R68,2
R06,R65,2
R17,R37,2
R17,R49,2
R03,R50,2
R41,R49,2
R08,R53,2
R22,R55,2
R16,R68,2
R56,R61,1
R08,R47,1
R58,R71,1
R04,R53,1
R24,R61,1
R26,R61,1
R45,R81,1
R59,R61,1
R14,R43,1
R41,R61,1
R61,R67,1
R68,R69,1
R29,R63,1
R18,R80,1
R52,R74,1
R33,R38,1
R07,R51,1
R61,R80,1
R23,R59,1
R52,R61,1
R45,R61,1
R12,R47,1
R44,R61,1
R08,R65,1
R68,R75,1
R01,R19,1
R29,R61,1
R01,R33,1
R13,R29,1
R59,R64,1
R47,R57,1
R20,R61,1
R13,R48,1
R51,R73,1
R03,R30,1
R33,R69,1
R33,R71,1
R26,R32,1
R06,R51,1
R52,R73,1
R41,R55,1
R55,R80,1
R20,R51,1
R10,R32,1
R17,R20,1
R13,R16,1
R06,R63,1
R20,R66,1
R58,R67,1
R10,R17,1
R53,R60,1
R06,R71,1
R54,R77,1
R02,R32,1
R28,R51,1
R26,R75,1
R07,R56,1
R26,R71,1
R02,R06,1
R71,R72,1
R04,R26,1
R14,R53,1
R63,R75,1
R51,R79,1
R53,R71,1
R17,R32,1
R34,R76,1
R60,R79,1
R46,R66,1
R04,R81,1
R20,R54,1
R25,R54,1
R02,R33,1
R25,R72,1
R37,R56,1
R33,R36,1
R02,R81,1
R22,R45,1
R29,R33,1
R32,R74,1
R32,R58,1
R01,R58,1
R25,R36,1
R38,R61,1
R30,R33,1
R16,R21,1
R25,R69,1
R31,R47,1
R39,R64,1
R39,R55,1
R47,R70,1
R13,R80,1
R71,R80,1
R30,R66,1
R07,R65,1
R19,R20,1
R03,R37,1
R03,R66,1
R06,R66,1
R39,R70,1
R36,R70,1
R33,R40,1
R20,R75,1
R08,R78,1
R19,R31,1
R27,R30,1
R04,R27,1
R13,R28,1
R65,R69,1
R35,R69,1
R22,R35,1
R19,R71,1
R33,R78,1
R24,R58,1
R05,R70,1
R10,R35,1
R14,R28,1
R35,R74,1
R75,R78,1
R44,R57,1
R02,R17,1
R28,R76,1
R57,R71,1
R21,R67,1
R39,R59,1
R21,R57,1
R19,R57,1
R19,R26,1
R13,R68,1
R47,R59,1
R14,R26,1
R27,R41,1
R50,R59,1
R51,R59,1
R02,R27,1
R21,R76,1
R74,R78,1
R28,R70,1
R07,R69,1
R12,R78,1
R27,R28,1
R40,R78,1
R36,R78,1
R24,R78,1
R23,R78,1
R15,R78,1
R17,R26,1
R29,R70,1
R11,R78,1
R09,R78,1
R14,R57,1
R03,R57,1
R10,R57,1
R40,R57,1
R27,R75,1
R07,R63,1
R06,R75,1
R13,R27,1
R16,R69,1
R21,R81,1
R33,R72,1
R70,R71,1
R64,R71,1
R64,R70,1
R03,R18,1
R28,R56,1
R23,R77,1
R28,R69,1
R57,R69,1
R48,R53,1
R30,R81,1
R70,R75,1
R44,R77,1
R55,R68,1
R14,R17,1
R18,R78,1
R60,R78,1
R63,R78,1
R64,R78,1
R66,R78,1
R67,R78,1
R17,R64,1
R18,R54,1
R22,R81,1
R42,R81,1
R37,R53,1
R26,R37,1
R31,R72,1
R48,R69,1
R03,R42,1
R47,R71,1
R33,R39,1
R37,R64,1
R55,R62,1
R37,R60,1
R45,R62,1
R01,R61,1
R04,R72,1
R61,R72,1
R56,R72,1
R39,R71,1
R64,R72,1
R72,R77,1
R15,R47,1
R15,R54,1
R42,R54,1
R51,R54,1
R41,R53,1
R33,R48,1
R62,R63,1
R10,R62,1
R25,R29,1
R25,R41,1
R29,R41,1
R11,R77,1
R51,R77,1
R55,R77,1
R40,R62,1
R13,R53,1
R05,R49,1
R16,R66,1
R06,R53,1
R10,R29,1
R29,R53,1
R03,R76,1
R53,R76,1
R65,R81,1
R33,R49,1
R35,R81,1
R41,R58,1
R54,R62,1
R19,R55,1
R03,R35,1
R16,R29,1
R16,R35,1
R28,R74,1
R27,R69,1
R25,R47,1
R19,R77,1
R11,R48,1
R23,R48,1
R58,R65,1
R42,R57,1
R11,R62,1
R42,R62,1
R38,R55,1
R39,R75,1
R16,R55,1
R16,R56,1
R31,R49,1
R56,R75,1
R47,R68,1
R34,R80,1
R47,R75,1
R47,R69,1
R51,R75,1
R75,R80,1
R16,R26,1
R55,R56,1
R24,R43,1
R45,R68,1
R31,R45,1
R28,R49,1
R54,R64,1
R34,R48,1
R09,R49,1
R39,R62,1
R04,R37,1
R04,R41,1
R22,R37,1
R41,R68,1
R52,R80,1
R28,R46,1
R63,R80,1
R10,R28,1
R15,R45,1
R28,R43,1
R28,R44,1
R28,R45,1
R57,R66,1
R15,R48,1
R66,R76,1
R19,R35,1
R01,R51,1
R12,R80,1
R34,R58,1
R58,R60,1
R07,R46,1
R22,R34,1
R19,R43,1
R02,R74,1
R35,R43,1
R04,R17,1
R17,R30,1
R18,R39,1
R37,R52,1
R37,R51,1
R41,R74,1
R03,R39,1
R15,R80,1
R04,R28,1
R24,R48,1
R24,R80,1
R30,R48,1
R48,R80,1
R25,R52,1
R52,R55,1
R04,R58,1
R07,R74,1
R42,R58,1
R21,R68,1
R02,R57,1
R41,R56,1
R01,R48,1
R02,R48,1
R21,R39,1
R21,R54,1
R21,R72,1
R10,R51,1
R01,R53,1
R06,R61,1
R22,R61,1
R32,R61,1
R08,R49,1
R03,R27,1
R34,R42,1
R36,R66,1
R34,R55,1
R08,R42,1
R08,R45,1
R08,R51,1
R50,R69,1
R50,R75,1
R08,R35,1
R55,R61,1
R22,R53,1
R13,R37,1
R18,R25,1
R01,R17,1
R03,R72,1
R46,R75,1
R06,R50,1
R24,R49,1
R37,R55,1
R49,R61,1
R31,R58,1
R28,R40,1
R28,R65,1
R48,R55,1
R48,R61,1
R48,R63,1
R57,R76,1
R26,R53,1
R14,R61,1
R25,R53,1
R30,R72,1
R01,R45,1
R30,R45,1
R12,R53,1
R20,R39,1
R25,R38,1
R30,R53,1
R25,R61,1
R38,R53,1
R16,R54,1
R25,R70,1
R36,R72,1
R16,R45,1
R32,R54,1
R54,R65,1
R14,R42,1
R34,R74,1
R41,R43,1
R51,R57,1
R03,R25,1
R14,R25,1
R25,R74,1
R59,R63,1
R41,R42,1
R15,R35,1
R35,R67,1
R29,R67,1
R32,R35,1
R32,R42,1
R32,R46,1
R35,R42,1
R35,R46,1
R66,R81,1
R32,R81,1
R32,R50,1
R27,R43,1
R02,R16,1
R17,R67,1
R10,R26,1
R17,R31,1
R17,R51,1
R17,R56,1
R27,R50,1
R02,R49,1
R27,R51,1
R27,R81,1
R29,R39,1
R38,R43,1
R43,R81,1
R56,R81,1
R12,R49,1
R40,R76,1
R54,R67,1
R17,R18,1
R21,R61,1
R02,R19,1
R19,R52,1
R19,R67,1
R07,R17,1
R13,R35,1
R17,R66,1
R18,R42,1
R15,R70,1
R19,R70,1
R40,R70,1
R18,R55,1
R13,R66,1
R36,R80,1
R67,R80,1
R53,R80,1
R01,R52,1
R18,R81,1
R16,R25,1
R12,R37,1
R37,R38,1
R66,R74,1
R30,R54,1
R54,R60,1
R08,R25,1
R06,R30,1
R61,R76,1
R09,R62,1
R12,R62,1
R62,R75,1
R36,R58,1
R41,R54,1
R45,R58,1
R06,R60,1
R10,R81,1
R10,R34,1
R07,R75,1
R07,R71,1
R04,R55,1
R40,R53,1
R50,R68,1
R22,R72,1
R19,R50,1
R19,R46,1
R14,R50,1
R10,R72,1
R10,R19,1
R14,R41,1
R07,R41,1
R21,R42,1
