body,head,train_support,train_body_pairs,train_confidence,head_coverage,test_body_pairs,test_support,test_confidence
R03,R08,5,89,0.056179775280898875,0.015060240963855422,25,1,0.04
R03,R09,6,89,0.06741573033707865,0.004487658937920718,25,3,0.12
R03,R12,4,89,0.0449438202247191,0.002105263157894737,25,0,0.0
R03,R40,3,89,0.033707865168539325,0.0069767441860465115,25,2,0.08
R05,R06,6,962,0.006237006237006237,0.0392156862745098,176,0,0.0
R05,R08,7,962,0.007276507276507277,0.02108433734939759,176,1,0.005681818181818182
R05,R09,19,962,0.01975051975051975,0.014210919970082274,176,2,0.011363636363636364
R05,R15,3,962,0.0031185031185031187,0.005484460694698354,176,0,0.0
R05,R23,4,962,0.004158004158004158,0.0036199095022624436,176,1,0.005681818181818182
R05,R32,5,962,0.005197505197505198,0.07462686567164178,176,0,0.0
R05,R38,6,962,0.006237006237006237,0.03680981595092025,176,0,0.0
R05,R40,8,962,0.008316008316008316,0.018604651162790697,176,0,0.0
R05,R71,4,962,0.004158004158004158,0.027586206896551724,176,0,0.0
R06,R05,6,153,0.0392156862745098,0.006237006237006237,28,0,0.0
R08,R03,5,332,0.015060240963855422,0.056179775280898875,57,1,0.017543859649122806
R08,R05,7,332,0.02108433734939759,0.007276507276507277,57,1,0.017543859649122806
R08,R09,9,332,0.02710843373493976,0.006731488406881077,57,2,0.03508771929824561
R08,R12,4,332,0.012048192771084338,0.002105263157894737,57,1,0.017543859649122806
R08,R23,5,332,0.015060240963855422,0.004524886877828055,57,0,0.0
R08,R40,7,332,0.02108433734939759,0.01627906976744186,57,1,0.017543859649122806
R09,R03,6,1337,0.004487658937920718,0.06741573033707865,270,3,0.011111111111111112
R09,R05,19,1337,0.014210919970082274,0.01975051975051975,270,2,0.007407407407407408
R09,R08,9,1337,0.006731488406881077,0.02710843373493976,270,2,0.007407407407407408
R09,R11,3,1337,0.002243829468960359,0.0021474588403722263,270,0,0.0
R09,R12,6,1337,0.004487658937920718,0.003157894736842105,270,5,0.018518518518518517
R09,R15,4,1337,0.0029917726252804786,0.007312614259597806,270,1,0.003703703703703704
R09,R22,3,1337,0.002243829468960359,0.028037383177570093,270,0,0.0
R09,R23,7,1337,0.005235602094240838,0.006334841628959276,270,1,0.003703703703703704
R09,R38,3,1337,0.002243829468960359,0.018404907975460124,270,0,0.0
R09,R40,13,1337,0.009723261032161555,0.030232558139534883,270,3,0.011111111111111112
R09,R71,4,1337,0.0029917726252804786,0.027586206896551724,270,1,0.003703703703703704
R11,R09,3,1397,0.0021474588403722263,0.002243829468960359,358,0,0.0
R11,R12,23,1397,0.0164638511095204,0.012105263157894737,358,2,0.00558659217877095
R11,R14,3,1397,0.0021474588403722263,0.006198347107438017,358,1,0.002793296089385475
R11,R15,9,1397,0.006442376521116679,0.016453382084095063,358,1,0.002793296089385475
R11,R18,4,1397,0.002863278453829635,0.0113314447592068,358,0,0.0
R11,R23,11,1397,0.007874015748031496,0.009954751131221719,358,1,0.002793296089385475
R11,R29,4,1397,0.002863278453829635,0.06153846153846154,358,2,0.00558659217877095
R11,R36,3,1397,0.0021474588403722263,0.013452914798206279,358,1,0.002793296089385475
R11,R38,12,1397,0.008589835361488905,0.0736196319018405,358,2,0.00558659217877095
R11,R44,12,1397,0.008589835361488905,0.019543973941368076,358,1,0.002793296089385475
R12,R03,4,1900,0.002105263157894737,0.0449438202247191,452,0,0.0
R12,R08,4,1900,0.002105263157894737,0.012048192771084338,452,1,0.0022123893805309734
R12,R09,6,1900,0.003157894736842105,0.004487658937920718,452,5,0.011061946902654867
R12,R11,23,1900,0.012105263157894737,0.0164638511095204,452,2,0.004424778761061947
R12,R14,13,1900,0.006842105263157895,0.026859504132231406,452,2,0.004424778761061947
R12,R15,14,1900,0.007368421052631579,0.025594149908592323,452,8,0.017699115044247787
R12,R16,4,1900,0.002105263157894737,0.031746031746031744,452,0,0.0
R12,R18,3,1900,0.0015789473684210526,0.0084985835694051,452,0,0.0
R12,R20,5,1900,0.002631578947368421,0.06172839506172839,452,0,0.0
R12,R21,3,1900,0.0015789473684210526,0.02912621359223301,452,0,0.0
R12,R23,8,1900,0.004210526315789474,0.007239819004524887,452,1,0.0022123893805309734
R12,R75,3,1900,0.0015789473684210526,0.04477611940298507,452,1,0.0022123893805309734
R14,R11,3,484,0.006198347107438017,0.0021474588403722263,78,1,0.01282051282051282
R14,R12,13,484,0.026859504132231406,0.006842105263157895,78,2,0.02564102564102564
R14,R16,3,484,0.006198347107438017,0.023809523809523808,78,0,0.0
R14,R23,3,484,0.006198347107438017,0.0027149321266968325,78,0,0.0
R15,R05,3,547,0.005484460694698354,0.0031185031185031187,96,0,0.0
R15,R09,4,547,0.007312614259597806,0.0029917726252804786,96,1,0.010416666666666666
R15,R11,9,547,0.016453382084095063,0.006442376521116679,96,1,0.010416666666666666
R15,R12,14,547,0.025594149908592323,0.007368421052631579,96,8,0.08333333333333333
R15,R20,7,547,0.012797074954296161,0.08641975308641975,96,1,0.010416666666666666
R15,R23,13,547,0.02376599634369287,0.011764705882352941,96,3,0.03125
R15,R30,4,547,0.007312614259597806,0.016666666666666666,96,0,0.0
R16,R12,4,126,0.031746031746031744,0.002105263157894737,51,0,0.0
R16,R14,3,126,0.023809523809523808,0.006198347107438017,51,0,0.0
R16,R23,3,126,0.023809523809523808,0.0027149321266968325,51,0,0.0
R16,R34,3,126,0.023809523809523808,0.008287292817679558,51,0,0.0
R18,R11,4,353,0.0113314447592068,0.002863278453829635,78,0,0.0
R18,R12,3,353,0.0084985835694051,0.0015789473684210526,78,0,0.0
R18,R34,3,353,0.0084985835694051,0.008287292817679558,78,0,0.0
R18,R56,3,353,0.0084985835694051,0.015228426395939087,78,0,0.0
R20,R12,5,81,0.06172839506172839,0.002631578947368421,13,0,0.0
R20,R15,7,81,0.08641975308641975,0.012797074954296161,13,1,0.07692307692307693
R20,R23,4,81,0.04938271604938271,0.0036199095022624436,13,0,0.0
R21,R12,3,103,0.02912621359223301,0.0015789473684210526,19,0,0.0
R21,R23,4,103,0.038834951456310676,0.0036199095022624436,19,0,0.0
R21,R51,4,103,0.038834951456310676,0.02631578947368421,19,1,0.05263157894736842
R21,R52,4,103,0.038834951456310676,0.02702702702702703,19,0,0.0
R22,R09,3,107,0.028037383177570093,0.002243829468960359,27,0,0.0
R22,R40,3,107,0.028037383177570093,0.0069767441860465115,27,0,0.0
R23,R05,4,1105,0.0036199095022624436,0.004158004158004158,291,1,0.003436426116838488
R23,R08,5,1105,0.004524886877828055,0.015060240963855422,291,0,0.0
R23,R09,7,1105,0.006334841628959276,0.005235602094240838,291,1,0.003436426116838488
R23,R11,11,1105,0.009954751131221719,0.007874015748031496,291,1,0.003436426116838488
R23,R12,8,1105,0.007239819004524887,0.004210526315789474,291,1,0.003436426116838488
R23,R14,3,1105,0.0027149321266968325,0.006198347107438017,291,0,0.0
R23,R15,13,1105,0.011764705882352941,0.02376599634369287,291,3,0.010309278350515464
R23,R16,3,1105,0.0027149321266968325,0.023809523809523808,291,0,0.0
R23,R20,4,1105,0.0036199095022624436,0.04938271604938271,291,0,0.0
R23,R21,4,1105,0.0036199095022624436,0.038834951456310676,291,0,0.0
R23,R24,8,1105,0.007239819004524887,0.016359918200409,291,2,0.006872852233676976
R23,R26,4,1105,0.0036199095022624436,0.01509433962264151,291,1,0.003436426116838488
R23,R29,3,1105,0.0027149321266968325,0.046153846153846156,291,2,0.006872852233676976
R23,R31,8,1105,0.007239819004524887,0.04371584699453552,291,5,0.01718213058419244
R23,R38,4,1105,0.0036199095022624436,0.024539877300613498,291,0,0.0
R23,R40,3,1105,0.0027149321266968325,0.0069767441860465115,291,1,0.003436426116838488
R23,R42,3,1105,0.0027149321266968325,0.012,291,4,0.013745704467353952
R23,R44,9,1105,0.008144796380090498,0.014657980456026058,291,4,0.013745704467353952
R23,R52,3,1105,0.0027149321266968325,0.02027027027027027,291,1,0.003436426116838488
R23,R65,3,1105,0.0027149321266968325,0.00558659217877095,291,2,0.006872852233676976
R23,R71,4,1105,0.0036199095022624436,0.027586206896551724,291,0,0.0
R23,R76,3,1105,0.0027149321266968325,0.017241379310344827,291,1,0.003436426116838488
R24,R23,8,489,0.016359918200409,0.007239819004524887,121,2,0.01652892561983471
R24,R26,3,489,0.006134969325153374,0.011320754716981131,121,0,0.0
R24,R40,3,489,0.006134969325153374,0.0069767441860465115,121,0,0.0
R25,R34,6,183,0.03278688524590164,0.016574585635359115,31,0,0.0
R26,R23,4,265,0.01509433962264151,0.0036199095022624436,66,1,0.015151515151515152
R26,R24,3,265,0.011320754716981131,0.006134969325153374,66,0,0.0
R29,R11,4,65,0.06153846153846154,0.002863278453829635,21,2,0.09523809523809523
R29,R23,3,65,0.046153846153846156,0.0027149321266968325,21,2,0.09523809523809523
R30,R15,4,240,0.016666666666666666,0.007312614259597806,65,0,0.0
R30,R34,23,240,0.09583333333333334,0.06353591160220995,65,7,0.1076923076923077
R31,R23,8,183,0.04371584699453552,0.007239819004524887,65,5,0.07692307692307693
R31,R38,3,183,0.01639344262295082,0.018404907975460124,65,1,0.015384615384615385
R32,R05,5,67,0.07462686567164178,0.005197505197505198,8,0,0.0
R34,R16,3,362,0.008287292817679558,0.023809523809523808,97,0,0.0
R34,R18,3,362,0.008287292817679558,0.0084985835694051,97,0,0.0
R34,R25,6,362,0.016574585635359115,0.03278688524590164,97,0,0.0
R34,R30,23,362,0.06353591160220995,0.09583333333333334,97,7,0.07216494845360824
R34,R56,5,362,0.013812154696132596,0.025380710659898477,97,2,0.020618556701030927
R36,R11,3,223,0.013452914798206279,0.0021474588403722263,55,1,0.01818181818181818
R38,R05,6,163,0.03680981595092025,0.006237006237006237,56,0,0.0
R38,R09,3,163,0.018404907975460124,0.002243829468960359,56,0,0.0
R38,R11,12,163,0.0736196319018405,0.008589835361488905,56,2,0.03571428571428571
R38,R23,4,163,0.024539877300613498,0.0036199095022624436,56,0,0.0
R38,R31,3,163,0.018404907975460124,0.01639344262295082,56,1,0.017857142857142856
R39,R50,5,164,0.03048780487804878,0.043859649122807015,51,1,0.0196078431372549
R39,R51,7,164,0.042682926829268296,0.046052631578947366,51,1,0.0196078431372549
R40,R03,3,430,0.0069767441860465115,0.033707865168539325,79,2,0.02531645569620253
R40,R05,8,430,0.018604651162790697,0.008316008316008316,79,0,0.0
R40,R08,7,430,0.01627906976744186,0.02108433734939759,79,1,0.012658227848101266
R40,R09,13,430,0.030232558139534883,0.009723261032161555,79,3,0.0379746835443038
R40,R22,3,430,0.0069767441860465115,0.028037383177570093,79,0,0.0
R40,R23,3,430,0.0069767441860465115,0.0027149321266968325,79,1,0.012658227848101266
R40,R24,3,430,0.0069767441860465115,0.006134969325153374,79,0,0.0
R40,R71,3,430,0.0069767441860465115,0.020689655172413793,79,1,0.012658227848101266
R42,R23,3,250,0.012,0.0027149321266968325,56,4,0.07142857142857142
R44,R11,12,614,0.019543973941368076,0.008589835361488905,173,1,0.005780346820809248
R44,R23,9,614,0.014657980456026058,0.008144796380090498,173,4,0.023121387283236993
R44,R46,4,614,0.006514657980456026,0.0076481835564053535,173,0,0.0
R45,R47,3,165,0.01818181818181818,0.007159904534606206,68,1,0.014705882352941176
R46,R44,4,523,0.0076481835564053535,0.006514657980456026,134,0,0.0
R46,R47,10,523,0.019120458891013385,0.02386634844868735,134,1,0.007462686567164179
R46,R49,3,523,0.0057361376673040155,0.008450704225352112,134,2,0.014925373134328358
R46,R50,5,523,0.009560229445506692,0.043859649122807015,134,0,0.0
R46,R55,6,523,0.011472275334608031,0.03260869565217391,134,0,0.0
R47,R45,3,419,0.007159904534606206,0.01818181818181818,123,1,0.008130081300813009
R47,R46,10,419,0.02386634844868735,0.019120458891013385,123,1,0.008130081300813009
R47,R49,11,419,0.026252983293556086,0.030985915492957747,123,4,0.032520325203252036
R47,R50,3,419,0.007159904534606206,0.02631578947368421,123,4,0.032520325203252036
R47,R80,10,419,0.02386634844868735,0.09523809523809523,123,4,0.032520325203252036
R48,R49,3,62,0.04838709677419355,0.008450704225352112,19,0,0.0
R49,R46,3,355,0.008450704225352112,0.0057361376673040155,85,2,0.023529411764705882
R49,R47,11,355,0.030985915492957747,0.026252983293556086,85,4,0.047058823529411764
R49,R48,3,355,0.008450704225352112,0.04838709677419355,85,0,0.0
R50,R39,5,114,0.043859649122807015,0.03048780487804878,50,1,0.02
R50,R46,5,114,0.043859649122807015,0.009560229445506692,50,0,0.0
R50,R47,3,114,0.02631578947368421,0.007159904534606206,50,4,0.08
R51,R21,4,152,0.02631578947368421,0.038834951456310676,55,1,0.01818181818181818
R51,R39,7,152,0.046052631578947366,0.042682926829268296,55,1,0.01818181818181818
R52,R21,4,148,0.02702702702702703,0.038834951456310676,51,0,0.0
R52,R23,3,148,0.02027027027027027,0.0027149321266968325,51,1,0.0196078431372549
R55,R46,6,184,0.03260869565217391,0.011472275334608031,40,0,0.0
R55,R60,3,184,0.016304347826086956,0.006172839506172839,40,1,0.025
R56,R18,3,197,0.015228426395939087,0.0084985835694051,52,0,0.0
R56,R34,5,197,0.025380710659898477,0.013812154696132596,52,2,0.038461538461538464
R56,R57,9,197,0.04568527918781726,0.1323529411764706,52,2,0.038461538461538464
R57,R56,9,68,0.1323529411764706,0.04568527918781726,30,2,0.06666666666666667
R60,R55,3,486,0.006172839506172839,0.016304347826086956,142,1,0.007042253521126761
R65,R23,3,537,0.00558659217877095,0.0027149321266968325,168,2,0.011904761904761904
R71,R05,4,145,0.027586206896551724,0.004158004158004158,20,0,0.0
R71,R09,4,145,0.027586206896551724,0.0029917726252804786,20,1,0.05
R71,R23,4,145,0.027586206896551724,0.0036199095022624436,20,0,0.0
R71,R40,3,145,0.020689655172413793,0.0069767441860465115,20,1,0.05
R75,R12,3,67,0.04477611940298507,0.0015789473684210526,17,1,0.058823529411764705
R76,R23,3,174,0.017241379310344827,0.0027149321266968325,60,1,0.016666666666666666
R80,R47,10,105,0.09523809523809523,0.02386634844868735,22,4,0.18181818181818182
